Date,Open,High,Low,Close,Adj Close,Volume
2012-12-17,4.190000,4.190000,4.190000,4.190000,4.190000,5000
2012-12-18,null,null,null,null,null,null
2012-12-19,null,null,null,null,null,null
2012-12-20,null,null,null,null,null,null
2012-12-21,null,null,null,null,null,null
2012-12-24,null,null,null,null,null,null
2012-12-26,null,null,null,null,null,null
2012-12-27,null,null,null,null,null,null
2012-12-28,null,null,null,null,null,null
2012-12-31,null,null,null,null,null,null
2013-01-02,null,null,null,null,null,null
2013-01-03,null,null,null,null,null,null
2013-01-04,null,null,null,null,null,null
2013-01-07,null,null,null,null,null,null
2013-01-08,null,null,null,null,null,null
2013-01-09,null,null,null,null,null,null
2013-01-10,null,null,null,null,null,null
2013-01-11,null,null,null,null,null,null
2013-01-14,null,null,null,null,null,null
2013-01-15,null,null,null,null,null,null
2013-01-16,null,null,null,null,null,null
2013-01-17,null,null,null,null,null,null
2013-01-18,null,null,null,null,null,null
2013-01-22,null,null,null,null,null,null
2013-01-23,null,null,null,null,null,null
2013-01-24,null,null,null,null,null,null
2013-01-25,null,null,null,null,null,null
2013-01-28,null,null,null,null,null,null
2013-01-29,null,null,null,null,null,null
2013-01-30,null,null,null,null,null,null
2013-01-31,null,null,null,null,null,null
2013-02-01,null,null,null,null,null,null
2013-02-04,null,null,null,null,null,null
2013-02-05,null,null,null,null,null,null
2013-02-06,null,null,null,null,null,null
2013-02-07,null,null,null,null,null,null
2013-02-08,null,null,null,null,null,null
2013-02-11,null,null,null,null,null,null
2013-02-12,null,null,null,null,null,null
2013-02-13,null,null,null,null,null,null
2013-02-14,null,null,null,null,null,null
2013-02-15,null,null,null,null,null,null
2013-02-19,null,null,null,null,null,null
2013-02-20,null,null,null,null,null,null
2013-02-21,null,null,null,null,null,null
2013-02-22,null,null,null,null,null,null
2013-02-25,null,null,null,null,null,null
2013-02-26,null,null,null,null,null,null
2013-02-27,null,null,null,null,null,null
2013-02-28,null,null,null,null,null,null
2013-03-01,null,null,null,null,null,null
2013-03-04,null,null,null,null,null,null
2013-03-05,null,null,null,null,null,null
2013-03-06,null,null,null,null,null,null
2013-03-07,null,null,null,null,null,null
2013-03-08,null,null,null,null,null,null
2013-03-11,null,null,null,null,null,null
2013-03-12,null,null,null,null,null,null
2013-03-13,null,null,null,null,null,null
2013-03-14,null,null,null,null,null,null
2013-03-15,null,null,null,null,null,null
2013-03-18,null,null,null,null,null,null
2013-03-19,null,null,null,null,null,null
2013-03-20,null,null,null,null,null,null
2013-03-21,null,null,null,null,null,null
2013-03-22,null,null,null,null,null,null
2013-03-25,null,null,null,null,null,null
2013-03-26,null,null,null,null,null,null
2013-03-27,null,null,null,null,null,null
2013-03-28,null,null,null,null,null,null
2013-04-01,null,null,null,null,null,null
2013-04-02,null,null,null,null,null,null
2013-04-03,null,null,null,null,null,null
2013-04-04,null,null,null,null,null,null
2013-04-05,null,null,null,null,null,null
2013-04-08,null,null,null,null,null,null
2013-04-09,null,null,null,null,null,null
2013-04-10,null,null,null,null,null,null
2013-04-11,null,null,null,null,null,null
2013-04-12,null,null,null,null,null,null
2013-04-15,null,null,null,null,null,null
2013-04-16,null,null,null,null,null,null
2013-04-17,null,null,null,null,null,null
2013-04-18,null,null,null,null,null,null
2013-04-19,null,null,null,null,null,null
2013-04-22,null,null,null,null,null,null
2013-04-23,null,null,null,null,null,null
2013-04-24,null,null,null,null,null,null
2013-04-25,null,null,null,null,null,null
2013-04-26,null,null,null,null,null,null
2013-04-29,null,null,null,null,null,null
2013-04-30,null,null,null,null,null,null
2013-05-01,null,null,null,null,null,null
2013-05-02,null,null,null,null,null,null
2013-05-03,null,null,null,null,null,null
2013-05-06,null,null,null,null,null,null
2013-05-07,null,null,null,null,null,null
2013-05-08,null,null,null,null,null,null
2013-05-09,null,null,null,null,null,null
2013-05-10,null,null,null,null,null,null
2013-05-13,null,null,null,null,null,null
2013-05-14,null,null,null,null,null,null
2013-05-15,null,null,null,null,null,null
2013-05-16,8.750000,8.750000,8.750000,8.750000,8.750000,145
2013-05-17,null,null,null,null,null,null
2013-05-20,null,null,null,null,null,null
2013-05-21,null,null,null,null,null,null
2013-05-22,null,null,null,null,null,null
2013-05-23,null,null,null,null,null,null
2013-05-24,null,null,null,null,null,null
2013-05-28,null,null,null,null,null,null
2013-05-29,null,null,null,null,null,null
2013-05-30,null,null,null,null,null,null
2013-05-31,null,null,null,null,null,null
2013-06-03,null,null,null,null,null,null
2013-06-04,null,null,null,null,null,null
2013-06-05,null,null,null,null,null,null
2013-06-06,null,null,null,null,null,null
2013-06-07,null,null,null,null,null,null
2013-06-10,9.920000,9.920000,9.920000,9.920000,9.920000,56
2013-06-11,null,null,null,null,null,null
2013-06-12,null,null,null,null,null,null
2013-06-13,null,null,null,null,null,null
2013-06-14,null,null,null,null,null,null
2013-06-17,null,null,null,null,null,null
2013-06-18,null,null,null,null,null,null
2013-06-19,null,null,null,null,null,null
2013-06-20,null,null,null,null,null,null
2013-06-21,null,null,null,null,null,null
2013-06-24,null,null,null,null,null,null
2013-06-25,null,null,null,null,null,null
2013-06-26,null,null,null,null,null,null
2013-06-27,null,null,null,null,null,null
2013-06-28,null,null,null,null,null,null
2013-07-01,null,null,null,null,null,null
2013-07-02,null,null,null,null,null,null
2013-07-03,10.300000,10.300000,10.300000,10.300000,10.300000,113
2013-07-05,null,null,null,null,null,null
2013-07-08,null,null,null,null,null,null
2013-07-09,null,null,null,null,null,null
2013-07-10,null,null,null,null,null,null
2013-07-11,null,null,null,null,null,null
2013-07-12,null,null,null,null,null,null
2013-07-15,null,null,null,null,null,null
2013-07-16,null,null,null,null,null,null
2013-07-17,null,null,null,null,null,null
2013-07-18,null,null,null,null,null,null
2013-07-19,null,null,null,null,null,null
2013-07-22,null,null,null,null,null,null
2013-07-23,null,null,null,null,null,null
2013-07-24,null,null,null,null,null,null
2013-07-25,null,null,null,null,null,null
2013-07-26,null,null,null,null,null,null
2013-07-29,null,null,null,null,null,null
2013-07-30,null,null,null,null,null,null
2013-07-31,null,null,null,null,null,null
2013-08-01,null,null,null,null,null,null
2013-08-02,13.700000,13.700000,13.700000,13.700000,13.700000,3235
2013-08-05,14.750000,14.750000,14.650000,14.650000,14.650000,2439
2013-08-06,14.400000,14.400000,14.050000,14.050000,14.050000,307
2013-08-07,13.900000,13.900000,13.900000,13.900000,13.900000,55
2013-08-08,14.300000,14.300000,14.300000,14.300000,14.300000,1904
2013-08-09,14.300000,14.300000,13.900000,13.900000,13.900000,2352
2013-08-12,13.900000,13.900000,13.900000,13.900000,13.900000,0
2013-08-13,13.900000,13.900000,13.900000,13.900000,13.900000,0
2013-08-14,13.900000,13.900000,13.900000,13.900000,13.900000,0
2013-08-15,13.900000,13.900000,13.900000,13.900000,13.900000,0
2013-08-16,13.900000,13.900000,13.900000,13.900000,13.900000,0
2013-08-19,14.200000,14.200000,14.200000,14.200000,14.200000,1183
2013-08-20,14.200000,14.200000,14.200000,14.200000,14.200000,0
2013-08-21,14.000000,14.000000,14.000000,14.000000,14.000000,721
2013-08-22,14.000000,14.000000,14.000000,14.000000,14.000000,0
2013-08-23,14.000000,14.000000,14.000000,14.000000,14.000000,0
2013-08-26,13.450000,13.450000,13.450000,13.450000,13.450000,982
2013-08-27,13.450000,13.450000,13.450000,13.450000,13.450000,0
2013-08-28,13.450000,13.450000,13.450000,13.450000,13.450000,0
2013-08-29,13.150000,13.800000,13.150000,13.800000,13.800000,3298
2013-08-30,13.800000,13.800000,13.800000,13.800000,13.800000,0
2013-09-03,13.750000,13.750000,13.750000,13.750000,13.750000,564
2013-09-04,13.450000,13.450000,13.450000,13.450000,13.450000,126
2013-09-05,13.350000,13.350000,13.350000,13.350000,13.350000,240
2013-09-06,13.150000,13.150000,13.150000,13.150000,13.150000,45
2013-09-09,12.900000,12.900000,12.900000,12.900000,12.900000,1381
2013-09-10,12.600000,13.150000,12.600000,13.150000,13.150000,358
2013-09-11,13.100000,13.100000,13.100000,13.100000,13.100000,1585
2013-09-12,13.100000,13.100000,13.100000,13.100000,13.100000,0
2013-09-13,12.800000,12.800000,12.800000,12.800000,12.800000,170
2013-09-16,13.000000,13.000000,12.950000,12.950000,12.950000,136
2013-09-17,12.950000,12.950000,12.950000,12.950000,12.950000,0
2013-09-18,13.100000,13.100000,13.100000,13.100000,13.100000,3739
2013-09-19,13.250000,13.250000,13.250000,13.250000,13.250000,104
2013-09-20,12.900000,12.900000,12.900000,12.900000,12.900000,2129
2013-09-23,12.900000,12.900000,12.900000,12.900000,12.900000,0
2013-09-24,12.850000,12.850000,12.850000,12.850000,12.850000,40
2013-09-25,12.850000,12.850000,12.850000,12.850000,12.850000,0
2013-09-26,12.850000,12.900000,12.850000,12.900000,12.900000,324
2013-09-27,12.900000,12.900000,12.900000,12.900000,12.900000,0
2013-09-30,13.000000,13.000000,13.000000,13.000000,13.000000,116
2013-10-01,13.000000,13.000000,13.000000,13.000000,13.000000,0
2013-10-02,13.000000,13.000000,13.000000,13.000000,13.000000,0
2013-10-03,14.250000,14.250000,14.250000,14.250000,14.250000,214
2013-10-04,13.400000,13.400000,13.250000,13.250000,13.250000,5900
2013-10-07,13.250000,13.250000,13.250000,13.250000,13.250000,0
2013-10-08,13.250000,13.250000,13.250000,13.250000,13.250000,0
2013-10-09,13.250000,13.250000,13.250000,13.250000,13.250000,0
2013-10-10,13.250000,13.250000,13.150000,13.150000,13.150000,94
2013-10-11,13.150000,13.150000,13.150000,13.150000,13.150000,0
2013-10-14,13.150000,13.150000,13.150000,13.150000,13.150000,0
2013-10-15,13.150000,13.150000,13.150000,13.150000,13.150000,0
2013-10-16,13.150000,13.150000,13.150000,13.150000,13.150000,0
2013-10-17,13.600000,13.600000,13.600000,13.600000,13.600000,172
2013-10-18,14.300000,14.300000,14.300000,14.300000,14.300000,495
2013-10-21,14.300000,14.300000,14.300000,14.300000,14.300000,0
2013-10-22,15.200000,15.200000,15.200000,15.200000,15.200000,1268
2013-10-23,15.200000,15.200000,15.200000,15.200000,15.200000,514
2013-10-24,15.200000,15.200000,15.200000,15.200000,15.200000,0
2013-10-25,15.600000,15.600000,15.600000,15.600000,15.600000,462
2013-10-28,15.600000,15.600000,15.600000,15.600000,15.600000,0
2013-10-29,15.200000,15.200000,15.200000,15.200000,15.200000,821
2013-10-30,15.600000,16.000000,15.600000,15.800000,15.800000,2168
2013-10-31,16.799999,18.299999,16.799999,18.200001,18.200001,11657
2013-11-01,18.299999,20.799999,18.299999,19.799999,19.799999,5352
2013-11-04,21.799999,23.900000,21.799999,23.500000,23.500000,7657
2013-11-05,22.600000,22.700001,22.600000,22.700001,22.700001,4
2013-11-06,23.000000,23.500000,23.000000,23.500000,23.500000,913
2013-11-07,24.000000,25.799999,24.000000,25.500000,25.500000,1978
2013-11-08,25.200001,25.200001,24.500000,24.500000,24.500000,190
2013-11-11,24.500000,24.500000,24.500000,24.500000,24.500000,1000
2013-11-12,22.000000,22.000000,22.000000,22.000000,22.000000,28
2013-11-13,22.600000,23.200001,22.100000,22.200001,22.200001,2834
2013-11-14,22.200001,22.200001,22.200001,22.200001,22.200001,0
2013-11-15,22.600000,22.700001,22.600000,22.700001,22.700001,4981
2013-11-18,22.299999,22.299999,21.700001,21.900000,21.900000,5139
2013-11-19,22.200001,22.900000,22.200001,22.799999,22.799999,2627
2013-11-20,23.200001,23.200001,22.799999,23.000000,23.000000,5845
2013-11-21,22.400000,22.400000,22.400000,22.400000,22.400000,75
2013-11-22,23.000000,23.000000,23.000000,23.000000,23.000000,54
2013-11-25,23.100000,23.200001,23.000000,23.000000,23.000000,1520
2013-11-26,22.500000,22.500000,22.400000,22.500000,22.500000,1219
2013-11-27,22.900000,24.400000,22.900000,24.400000,24.400000,1496
2013-11-29,24.799999,24.799999,24.799999,24.799999,24.799999,9
2013-12-02,24.600000,24.600000,24.600000,24.600000,24.600000,35
2013-12-03,24.299999,24.299999,24.299999,24.299999,24.299999,754
2013-12-04,24.500000,24.500000,23.900000,23.900000,23.900000,355
2013-12-05,23.900000,23.900000,23.600000,23.600000,23.600000,222
2013-12-06,23.500000,25.000000,23.500000,25.000000,25.000000,242
2013-12-09,26.000000,26.000000,25.900000,25.900000,25.900000,4901
2013-12-10,26.100000,26.100000,26.100000,26.100000,26.100000,400
2013-12-11,25.400000,25.400000,25.400000,25.400000,25.400000,15
2013-12-12,25.100000,25.100000,24.600000,25.100000,25.100000,151
2013-12-13,25.000000,25.600000,25.000000,25.500000,25.500000,844
2013-12-16,25.500000,27.000000,25.500000,26.400000,26.400000,1154
2013-12-17,26.400000,26.400000,26.400000,26.400000,26.400000,0
2013-12-18,27.500000,27.500000,27.500000,27.500000,27.500000,615
2013-12-19,29.000000,29.000000,28.799999,28.799999,28.799999,5739
2013-12-20,29.299999,29.400000,29.299999,29.400000,29.400000,3820
2013-12-23,29.299999,29.900000,29.299999,29.900000,29.900000,5045
2013-12-24,29.900000,29.900000,29.900000,29.900000,29.900000,0
2013-12-26,29.900000,29.900000,29.900000,29.900000,29.900000,0
2013-12-27,31.100000,31.100000,31.100000,31.100000,31.100000,2342
2013-12-30,31.600000,31.600000,31.600000,31.600000,31.600000,1
2013-12-31,31.600000,31.600000,31.600000,31.600000,31.600000,0
2014-01-02,31.700001,31.700001,30.000000,30.400000,30.400000,1397
2014-01-03,30.400000,30.400000,30.400000,30.400000,30.400000,0
2014-01-06,30.700001,30.700001,30.700001,30.700001,30.700001,19
2014-01-07,29.299999,29.299999,29.299999,29.299999,29.299999,1863
2014-01-08,29.299999,29.299999,29.299999,29.299999,29.299999,0
2014-01-09,27.600000,28.400000,27.600000,28.299999,28.299999,181
2014-01-10,28.299999,28.400000,28.299999,28.400000,28.400000,274
2014-01-13,28.400000,28.400000,28.400000,28.400000,28.400000,0
2014-01-14,28.400000,28.400000,28.400000,28.400000,28.400000,0
2014-01-15,30.400000,30.400000,30.400000,30.400000,30.400000,164
2014-01-16,28.700001,28.700001,28.700001,28.700001,28.700001,3
2014-01-17,28.200001,28.200001,28.200001,28.200001,28.200001,10
2014-01-21,28.200001,28.200001,28.200001,28.200001,28.200001,0
2014-01-22,28.200001,28.200001,28.200001,28.200001,28.200001,0
2014-01-23,28.200001,28.200001,28.200001,28.200001,28.200001,0
2014-01-24,25.900000,25.900000,25.900000,25.900000,25.900000,220
2014-01-27,25.799999,25.799999,25.799999,25.799999,25.799999,4
2014-01-28,26.000000,26.000000,25.799999,25.799999,25.799999,882
2014-01-29,25.200001,25.200001,25.200001,25.200001,25.200001,1194
2014-01-30,25.299999,25.299999,24.799999,24.799999,24.799999,425
2014-01-31,24.200001,24.299999,24.200001,24.299999,24.299999,356
2014-02-03,25.100000,26.000000,25.100000,26.000000,26.000000,472
2014-02-04,25.700001,26.500000,25.700001,26.400000,26.400000,1389
2014-02-05,25.900000,26.200001,25.900000,26.200001,26.200001,214
2014-02-06,26.200001,26.200001,26.200001,26.200001,26.200001,0
2014-02-07,26.200001,26.200001,26.100000,26.100000,26.100000,51
2014-02-10,26.100000,26.100000,26.100000,26.100000,26.100000,0
2014-02-11,26.500000,26.500000,26.200001,26.200001,26.200001,824
2014-02-12,26.299999,26.600000,26.299999,26.600000,26.600000,1546
2014-02-13,27.000000,27.000000,27.000000,27.000000,27.000000,83
2014-02-14,26.299999,26.500000,26.299999,26.500000,26.500000,3053
2014-02-18,26.200001,26.200001,25.600000,25.600000,25.600000,100
2014-02-19,25.400000,26.000000,25.400000,26.000000,26.000000,1235
2014-02-20,26.000000,26.000000,25.500000,25.500000,25.500000,2240
2014-02-21,25.400000,25.400000,24.700001,24.700001,24.700001,72
2014-02-24,23.900000,23.900000,23.900000,23.900000,23.900000,514
2014-02-25,23.900000,23.900000,23.900000,23.900000,23.900000,0
2014-02-26,24.600000,24.600000,24.600000,24.600000,24.600000,463
2014-02-27,24.600000,24.600000,24.600000,24.600000,24.600000,0
2014-02-28,24.900000,25.200001,24.600000,25.100000,25.100000,2226
2014-03-03,24.100000,24.100000,23.799999,23.799999,23.799999,86
2014-03-04,24.400000,24.400000,24.400000,24.400000,24.400000,25
2014-03-05,24.799999,24.799999,24.799999,24.799999,24.799999,150
2014-03-06,24.799999,24.799999,24.799999,24.799999,24.799999,0
2014-03-07,24.799999,24.799999,24.799999,24.799999,24.799999,0
2014-03-10,25.600000,26.299999,25.600000,26.299999,26.299999,135
2014-03-11,30.000000,30.000000,30.000000,30.000000,30.000000,3
2014-03-12,30.100000,30.100000,30.100000,30.100000,30.100000,1723
2014-03-13,30.100000,30.100000,30.100000,30.100000,30.100000,0
2014-03-14,29.900000,29.900000,29.900000,29.900000,29.900000,4
2014-03-17,29.799999,30.299999,29.799999,30.299999,30.299999,127
2014-03-18,30.299999,30.299999,30.299999,30.299999,30.299999,0
2014-03-19,31.500000,32.000000,31.500000,32.000000,32.000000,1538
2014-03-20,33.900002,33.900002,33.900002,33.900002,33.900002,240
2014-03-21,34.400002,34.400002,33.099998,33.099998,33.099998,402
2014-03-24,32.400002,32.400002,32.400002,32.400002,32.400002,955
2014-03-25,32.400002,32.400002,32.400002,32.400002,32.400002,0
2014-03-26,33.400002,33.599998,33.400002,33.500000,33.500000,2826
2014-03-27,33.599998,33.599998,33.599998,33.599998,33.599998,924
2014-03-28,33.900002,33.900002,33.900002,33.900002,33.900002,35
2014-03-31,34.799999,34.799999,34.799999,34.799999,34.799999,3
2014-04-01,35.599998,36.400002,35.599998,35.700001,35.700001,216
2014-04-02,35.700001,35.700001,35.700001,35.700001,35.700001,0
2014-04-03,36.599998,36.599998,36.599998,36.599998,36.599998,41
2014-04-04,36.599998,36.599998,36.599998,36.599998,36.599998,0
2014-04-07,35.599998,35.599998,35.599998,35.599998,35.599998,665
2014-04-08,34.099998,34.700001,34.099998,34.200001,34.200001,776
2014-04-09,34.900002,35.299999,34.900002,35.299999,35.299999,785
2014-04-10,35.900002,35.900002,33.900002,34.000000,34.000000,130
2014-04-11,34.000000,34.000000,34.000000,34.000000,34.000000,0
2014-04-14,32.400002,32.400002,32.400002,32.400002,32.400002,369
2014-04-15,32.799999,33.099998,32.000000,32.000000,32.000000,956
2014-04-16,32.400002,32.400002,32.099998,32.099998,32.099998,596
2014-04-17,32.099998,32.099998,32.099998,32.099998,32.099998,0
2014-04-21,32.099998,32.099998,32.099998,32.099998,32.099998,0
2014-04-22,32.099998,32.099998,32.099998,32.099998,32.099998,0
2014-04-23,37.299999,37.299999,36.500000,36.500000,36.500000,1286
2014-04-24,36.500000,36.500000,36.500000,36.500000,36.500000,0
2014-04-25,37.000000,37.099998,36.900002,36.900002,36.900002,6499
2014-04-28,37.000000,37.799999,37.000000,37.099998,37.099998,1047
2014-04-29,37.400002,37.500000,36.400002,36.799999,36.799999,696
2014-04-30,36.799999,36.799999,36.799999,36.799999,36.799999,0
2014-05-01,36.799999,36.799999,36.799999,36.799999,36.799999,0
2014-05-02,36.799999,36.799999,36.599998,36.599998,36.599998,3
2014-05-05,36.700001,36.700001,36.700001,36.700001,36.700001,2
2014-05-06,35.599998,36.299999,35.599998,36.299999,36.299999,53
2014-05-07,null,null,null,null,null,null
2014-05-08,null,null,null,null,null,null
2014-05-09,null,null,null,null,null,null
2014-05-12,null,null,null,null,null,null
2014-05-13,null,null,null,null,null,null
2014-05-14,38.200001,38.200001,38.200001,38.200001,38.200001,0
2014-05-15,null,null,null,null,null,null
2014-05-16,37.599998,37.599998,37.599998,37.599998,37.599998,0
2014-05-19,null,null,null,null,null,null
2014-05-20,null,null,null,null,null,null
2014-05-21,null,null,null,null,null,null
2014-05-22,null,null,null,null,null,null
2014-05-23,null,null,null,null,null,null
2014-05-27,null,null,null,null,null,null
2014-05-28,null,null,null,null,null,null
2014-05-29,null,null,null,null,null,null
2014-05-30,null,null,null,null,null,null
2014-06-02,null,null,null,null,null,null
2014-06-03,null,null,null,null,null,null
2014-06-04,null,null,null,null,null,null
2014-06-05,null,null,null,null,null,null
2014-06-06,null,null,null,null,null,null
2014-06-09,null,null,null,null,null,null
2014-06-10,null,null,null,null,null,null
2014-06-11,null,null,null,null,null,null
2014-06-12,null,null,null,null,null,null
2014-06-13,null,null,null,null,null,null
2014-06-16,36.599998,36.700001,36.400002,36.400002,36.400002,1159
2014-06-17,36.400002,36.400002,35.700001,35.900002,35.900002,86
2014-06-18,35.400002,35.400002,35.099998,35.299999,35.299999,9702
2014-06-19,34.299999,34.299999,33.900002,34.299999,34.299999,588
2014-06-20,35.000000,35.000000,35.000000,35.000000,35.000000,263
2014-06-23,35.799999,35.799999,35.000000,35.400002,35.400002,3905
2014-06-24,35.700001,35.700001,35.700001,35.700001,35.700001,21
2014-06-25,35.099998,35.099998,34.799999,34.799999,34.799999,71
2014-06-26,36.200001,36.200001,36.200001,36.200001,36.200001,14
2014-06-27,35.500000,35.500000,35.500000,35.500000,35.500000,80
2014-06-30,35.599998,36.799999,35.599998,36.200001,36.200001,2862
2014-07-01,36.200001,36.200001,36.200001,36.200001,36.200001,0
2014-07-02,36.200001,36.200001,36.200001,36.200001,36.200001,0
2014-07-03,38.099998,38.099998,37.700001,37.700001,37.700001,297
2014-07-07,37.500000,37.500000,37.500000,37.500000,37.500000,12
2014-07-08,37.500000,37.500000,37.099998,37.200001,37.200001,3277
2014-07-09,null,null,null,null,null,null
2014-07-10,37.200001,37.200001,37.200001,37.200001,37.200001,0
2014-07-11,35.799999,35.799999,35.700001,35.700001,35.700001,46
2014-07-14,36.500000,36.500000,36.299999,36.299999,36.299999,177
2014-07-15,36.400002,36.400002,35.900002,36.099998,36.099998,2124
2014-07-16,37.099998,37.099998,37.099998,37.099998,37.099998,11
2014-07-17,37.700001,37.700001,37.099998,37.500000,37.500000,81
2014-07-18,37.500000,37.500000,37.500000,37.500000,37.500000,2
2014-07-21,37.700001,37.700001,37.700001,37.700001,37.700001,4
2014-07-22,38.000000,38.000000,38.000000,38.000000,38.000000,7
2014-07-23,37.200001,38.099998,37.200001,37.599998,37.599998,954
2014-07-24,null,null,null,null,null,null
2014-07-25,null,null,null,null,null,null
2014-07-28,null,null,null,null,null,null
2014-07-29,36.099998,36.099998,35.900002,35.900002,35.900002,361
2014-07-30,36.000000,36.099998,36.000000,36.099998,36.099998,90
2014-07-31,35.700001,35.900002,35.700001,35.900002,35.900002,287
2014-08-01,36.099998,36.099998,34.400002,34.400002,34.400002,36
2014-08-04,null,null,null,null,null,null
2014-08-05,null,null,null,null,null,null
2014-08-06,34.500000,34.500000,33.299999,33.299999,33.299999,471
2014-08-07,32.200001,32.200001,31.000000,31.000000,31.000000,558
2014-08-08,31.200001,31.400000,31.100000,31.200001,31.200001,70
2014-08-11,null,null,null,null,null,null
2014-08-12,33.799999,33.799999,32.700001,33.000000,33.000000,160
2014-08-13,33.000000,33.000000,32.599998,32.599998,32.599998,17
2014-08-14,32.599998,32.599998,32.599998,32.599998,32.599998,0
2014-08-15,32.599998,32.599998,32.599998,32.599998,32.599998,0
2014-08-18,33.099998,33.099998,32.400002,32.400002,32.400002,711
2014-08-19,32.400002,32.400002,32.400002,32.400002,32.400002,0
2014-08-20,null,null,null,null,null,null
2014-08-21,33.900002,34.099998,33.799999,34.099998,34.099998,701
2014-08-22,34.400002,35.000000,34.400002,35.000000,35.000000,6585
2014-08-25,null,null,null,null,null,null
2014-08-26,37.099998,37.099998,36.000000,36.000000,36.000000,2549
2014-08-27,null,null,null,null,null,null
2014-08-28,32.000000,32.000000,32.000000,32.000000,32.000000,881
2014-08-29,null,null,null,null,null,null
2014-09-02,null,null,null,null,null,null
2014-09-03,30.200001,30.700001,29.700001,29.799999,29.799999,2709
2014-09-04,null,null,null,null,null,null
2014-09-05,null,null,null,null,null,null
2014-09-08,null,null,null,null,null,null
2014-09-09,null,null,null,null,null,null
2014-09-10,28.000000,28.400000,28.000000,28.000000,28.000000,2312
2014-09-11,28.000000,28.000000,28.000000,28.000000,28.000000,0
2014-09-12,null,null,null,null,null,null
2014-09-15,null,null,null,null,null,null
2014-09-16,null,null,null,null,null,null
2014-09-17,null,null,null,null,null,null
2014-09-18,29.299999,29.299999,29.299999,29.299999,29.299999,0
2014-09-19,null,null,null,null,null,null
2014-09-22,31.200001,31.200001,31.200001,31.200001,31.200001,10
2014-09-23,null,null,null,null,null,null
2014-09-24,null,null,null,null,null,null
2014-09-25,null,null,null,null,null,null
2014-09-26,29.200001,29.200001,29.200001,29.200001,29.200001,2
2014-09-29,null,null,null,null,null,null
2014-09-30,29.299999,29.500000,29.299999,29.500000,29.500000,184
2014-10-01,null,null,null,null,null,null
2014-10-02,null,null,null,null,null,null
2014-10-03,null,null,null,null,null,null
2014-10-06,null,null,null,null,null,null
2014-10-07,null,null,null,null,null,null
2014-10-08,null,null,null,null,null,null
2014-10-09,24.400000,24.400000,24.400000,24.400000,24.400000,150
2014-10-10,null,null,null,null,null,null
2014-10-13,null,null,null,null,null,null
2014-10-14,null,null,null,null,null,null
2014-10-15,25.299999,25.700001,25.299999,25.600000,25.600000,50
2014-10-16,23.200001,23.200001,22.900000,22.900000,22.900000,16
2014-10-17,23.900000,23.900000,23.900000,23.900000,23.900000,2607
2014-10-20,24.200001,24.200001,24.200001,24.200001,24.200001,63
2014-10-21,25.100000,25.100000,25.100000,25.100000,25.100000,965
2014-10-22,25.100000,25.100000,25.100000,25.100000,25.100000,0
2014-10-23,25.799999,25.799999,24.900000,24.900000,24.900000,6
2014-10-24,24.900000,24.900000,24.299999,24.500000,24.500000,906
2014-10-27,null,null,null,null,null,null
2014-10-28,24.100000,24.100000,24.100000,24.100000,24.100000,51
2014-10-29,23.200001,23.200001,23.200001,23.200001,23.200001,1
2014-10-30,27.100000,27.100000,26.799999,26.799999,26.799999,40
2014-10-31,null,null,null,null,null,null
2014-11-03,28.299999,28.299999,27.400000,27.600000,27.600000,498
2014-11-04,27.299999,27.600000,27.100000,27.100000,27.100000,3884
2014-11-05,27.100000,27.100000,27.100000,27.100000,27.100000,0
2014-11-06,28.900000,28.900000,28.200001,28.200001,28.200001,382
2014-11-07,28.200001,28.200001,28.200001,28.200001,28.200001,0
2014-11-10,null,null,null,null,null,null
2014-11-11,null,null,null,null,null,null
2014-11-12,26.299999,26.299999,26.200001,26.200001,26.200001,3
2014-11-13,25.799999,25.799999,24.600000,25.000000,25.000000,2124
2014-11-14,25.000000,25.100000,25.000000,25.000000,25.000000,109
2014-11-17,null,null,null,null,null,null
2014-11-18,null,null,null,null,null,null
2014-11-19,null,null,null,null,null,null
2014-11-20,null,null,null,null,null,null
2014-11-21,25.000000,25.000000,25.000000,25.000000,25.000000,0
2014-11-24,23.799999,23.799999,23.799999,23.799999,23.799999,9
2014-11-25,null,null,null,null,null,null
2014-11-26,22.600000,22.700001,22.500000,22.500000,22.500000,406
2014-11-28,null,null,null,null,null,null
2014-12-01,null,null,null,null,null,null
2014-12-02,null,null,null,null,null,null
2014-12-03,null,null,null,null,null,null
2014-12-04,null,null,null,null,null,null
2014-12-05,19.700001,19.700001,19.700001,19.700001,19.700001,0
2014-12-08,null,null,null,null,null,null
2014-12-09,null,null,null,null,null,null
2014-12-10,null,null,null,null,null,null
2014-12-11,null,null,null,null,null,null
2014-12-12,null,null,null,null,null,null
2014-12-15,null,null,null,null,null,null
2014-12-16,20.299999,20.299999,20.299999,20.299999,20.299999,0
2014-12-17,20.299999,20.299999,20.299999,20.299999,20.299999,0
2014-12-18,null,null,null,null,null,null
2014-12-19,null,null,null,null,null,null
2014-12-22,null,null,null,null,null,null
2014-12-23,null,null,null,null,null,null
2014-12-24,24.200001,24.200001,24.200001,24.200001,24.200001,0
2014-12-26,null,null,null,null,null,null
2014-12-29,null,null,null,null,null,null
2014-12-30,23.299999,23.299999,23.299999,23.299999,23.299999,0
2014-12-31,null,null,null,null,null,null
2015-01-02,null,null,null,null,null,null
2015-01-05,24.600000,24.600000,24.600000,24.600000,24.600000,11
2015-01-06,null,null,null,null,null,null
2015-01-07,23.200001,23.200001,22.500000,22.700001,22.700001,292
2015-01-08,null,null,null,null,null,null
2015-01-09,null,null,null,null,null,null
2015-01-12,null,null,null,null,null,null
2015-01-13,null,null,null,null,null,null
2015-01-14,null,null,null,null,null,null
2015-01-15,null,null,null,null,null,null
2015-01-16,null,null,null,null,null,null
2015-01-20,null,null,null,null,null,null
2015-01-21,null,null,null,null,null,null
2015-01-22,null,null,null,null,null,null
2015-01-23,null,null,null,null,null,null
2015-01-26,null,null,null,null,null,null
2015-01-27,null,null,null,null,null,null
2015-01-28,20.700001,20.799999,20.600000,20.600000,20.600000,5604
2015-01-29,19.900000,19.900000,19.100000,19.100000,19.100000,6020
2015-01-30,18.900000,18.900000,18.900000,18.900000,18.900000,9
2015-02-02,18.900000,18.900000,18.900000,18.900000,18.900000,9
2015-02-03,19.400000,20.400000,19.400000,20.299999,20.299999,1526
2015-02-04,20.299999,20.299999,20.299999,20.299999,20.299999,0
2015-02-05,18.900000,19.100000,18.900000,19.100000,19.100000,43
2015-02-06,19.100000,19.100000,19.100000,19.100000,19.100000,0
2015-02-09,19.100000,19.100000,19.100000,19.100000,19.100000,0
2015-02-10,null,null,null,null,null,null
2015-02-11,20.600000,20.600000,20.600000,20.600000,20.600000,19
2015-02-12,20.700001,20.700001,20.700001,20.700001,20.700001,334
2015-02-13,20.799999,20.799999,20.400000,20.400000,20.400000,105
2015-02-17,21.500000,22.700001,21.500000,22.700001,22.700001,29
2015-02-18,23.200001,23.400000,23.000000,23.000000,23.000000,389
2015-02-19,21.900000,21.900000,21.600000,21.600000,21.600000,346
2015-02-20,22.200001,23.600000,22.100000,23.000000,23.000000,2182
2015-02-23,23.299999,23.299999,23.299999,23.299999,23.299999,1
2015-02-24,22.200001,22.400000,22.100000,22.100000,22.100000,281
2015-02-25,22.299999,22.799999,22.299999,22.799999,22.799999,1197
2015-02-26,22.700001,22.700001,22.200001,22.200001,22.200001,272
2015-02-27,22.500000,23.100000,22.500000,22.900000,22.900000,382
2015-03-02,null,null,null,null,null,null
2015-03-03,null,null,null,null,null,null
2015-03-04,21.400000,21.400000,20.799999,21.000000,21.000000,873
2015-03-05,null,null,null,null,null,null
2015-03-06,null,null,null,null,null,null
2015-03-09,null,null,null,null,null,null
2015-03-10,null,null,null,null,null,null
2015-03-11,21.500000,21.500000,21.200001,21.200001,21.200001,1268
2015-03-12,21.299999,21.299999,20.900000,21.000000,21.000000,273
2015-03-13,null,null,null,null,null,null
2015-03-16,20.799999,20.799999,20.700001,20.700001,20.700001,1408
2015-03-17,null,null,null,null,null,null
2015-03-18,21.299999,21.299999,21.299999,21.299999,21.299999,104
2015-03-19,null,null,null,null,null,null
2015-03-20,null,null,null,null,null,null
2015-03-23,null,null,null,null,null,null
2015-03-24,null,null,null,null,null,null
2015-03-25,22.500000,22.500000,22.500000,22.500000,22.500000,80
2015-03-26,null,null,null,null,null,null
2015-03-27,22.600000,22.600000,22.600000,22.600000,22.600000,4
2015-03-30,null,null,null,null,null,null
2015-03-31,null,null,null,null,null,null
2015-04-01,null,null,null,null,null,null
2015-04-02,25.500000,25.500000,25.500000,25.500000,25.500000,0
2015-04-06,null,null,null,null,null,null
2015-04-07,null,null,null,null,null,null
2015-04-08,null,null,null,null,null,null
2015-04-09,null,null,null,null,null,null
2015-04-10,26.400000,26.500000,26.200001,26.200001,26.200001,46
2015-04-13,null,null,null,null,null,null
2015-04-14,null,null,null,null,null,null
2015-04-15,null,null,null,null,null,null
2015-04-16,25.100000,25.299999,24.700001,24.700001,24.700001,6184
2015-04-17,null,null,null,null,null,null
2015-04-20,null,null,null,null,null,null
2015-04-21,null,null,null,null,null,null
2015-04-22,null,null,null,null,null,null
2015-04-23,null,null,null,null,null,null
2015-04-24,null,null,null,null,null,null
2015-04-27,null,null,null,null,null,null
2015-04-28,null,null,null,null,null,null
2015-04-29,null,null,null,null,null,null
2015-04-30,null,null,null,null,null,null
2015-05-01,null,null,null,null,null,null
2015-05-04,24.299999,24.299999,23.900000,23.900000,23.900000,46
2015-05-05,null,null,null,null,null,null
2015-05-06,null,null,null,null,null,null
2015-05-07,null,null,null,null,null,null
2015-05-08,null,null,null,null,null,null
2015-05-11,null,null,null,null,null,null
2015-05-12,null,null,null,null,null,null
2015-05-13,null,null,null,null,null,null
2015-05-14,22.000000,22.000000,22.000000,22.000000,22.000000,0
2015-05-15,22.600000,22.600000,22.299999,22.299999,22.299999,6
2015-05-18,22.299999,22.299999,22.200001,22.200001,22.200001,1065
2015-05-19,22.100000,22.100000,21.900000,21.900000,21.900000,849
2015-05-20,21.700001,21.900000,20.700001,20.700001,20.700001,1152
2015-05-21,21.799999,21.799999,21.799999,21.799999,21.799999,36
2015-05-22,22.200001,22.200001,21.900000,21.900000,21.900000,231
2015-05-26,21.600000,21.900000,21.600000,21.900000,21.900000,21
2015-05-27,null,null,null,null,null,null
2015-05-28,21.299999,22.000000,21.299999,22.000000,22.000000,18
2015-05-29,null,null,null,null,null,null
2015-06-01,23.299999,23.299999,23.299999,23.299999,23.299999,8
2015-06-02,23.000000,23.000000,22.700001,22.900000,22.900000,75
2015-06-03,null,null,null,null,null,null
2015-06-04,23.200001,23.200001,23.200001,23.200001,23.200001,0
2015-06-05,23.200001,23.200001,23.200001,23.200001,23.200001,0
2015-06-08,23.200001,23.200001,23.200001,23.200001,23.200001,0
2015-06-09,23.200001,23.200001,23.200001,23.200001,23.200001,0
2015-06-10,null,null,null,null,null,null
2015-06-11,22.700001,22.700001,22.500000,22.500000,22.500000,12
2015-06-12,22.600000,22.600000,22.600000,22.600000,22.600000,5
2015-06-15,null,null,null,null,null,null
2015-06-16,22.200001,22.500000,22.200001,22.500000,22.500000,131
2015-06-17,null,null,null,null,null,null
2015-06-18,23.000000,23.000000,23.000000,23.000000,23.000000,0
2015-06-19,23.299999,23.299999,23.299999,23.299999,23.299999,1
2015-06-22,24.900000,24.900000,24.900000,24.900000,24.900000,3
2015-06-23,null,null,null,null,null,null
2015-06-24,26.299999,26.299999,26.200001,26.200001,26.200001,67
2015-06-25,26.100000,26.100000,25.900000,25.900000,25.900000,23
2015-06-26,null,null,null,null,null,null
2015-06-29,26.000000,26.000000,26.000000,26.000000,26.000000,0
2015-06-30,26.000000,26.000000,26.000000,26.000000,26.000000,0
2015-07-01,25.900000,25.900000,25.799999,25.799999,25.799999,24
2015-07-02,null,null,null,null,null,null
2015-07-06,24.799999,24.799999,24.799999,24.799999,24.799999,19
2015-07-07,23.900000,23.900000,23.900000,23.900000,23.900000,35
2015-07-08,null,null,null,null,null,null
2015-07-09,23.900000,23.900000,23.900000,23.900000,23.900000,0
2015-07-10,null,null,null,null,null,null
2015-07-13,null,null,null,null,null,null
2015-07-14,24.700001,24.700001,24.700001,24.700001,24.700001,12
2015-07-15,null,null,null,null,null,null
2015-07-16,null,null,null,null,null,null
2015-07-17,null,null,null,null,null,null
2015-07-20,null,null,null,null,null,null
2015-07-21,null,null,null,null,null,null
2015-07-22,24.900000,24.900000,24.900000,24.900000,24.900000,0
2015-07-23,null,null,null,null,null,null
2015-07-24,null,null,null,null,null,null
2015-07-27,24.299999,24.299999,24.200001,24.200001,24.200001,5
2015-07-28,24.200001,24.200001,24.200001,24.200001,24.200001,0
2015-07-29,24.900000,24.900000,24.900000,24.900000,24.900000,1
2015-07-30,null,null,null,null,null,null
2015-07-31,null,null,null,null,null,null
2015-08-03,null,null,null,null,null,null
2015-08-04,null,null,null,null,null,null
2015-08-05,null,null,null,null,null,null
2015-08-06,null,null,null,null,null,null
2015-08-07,null,null,null,null,null,null
2015-08-10,24.200001,24.200001,24.200001,24.200001,24.200001,5
2015-08-11,null,null,null,null,null,null
2015-08-12,null,null,null,null,null,null
2015-08-13,21.200001,21.400000,21.200001,21.299999,21.299999,125
2015-08-14,null,null,null,null,null,null
2015-08-17,null,null,null,null,null,null
2015-08-18,null,null,null,null,null,null
2015-08-19,15.100000,15.200000,15.100000,15.200000,15.200000,277
2015-08-20,null,null,null,null,null,null
2015-08-21,null,null,null,null,null,null
2015-08-24,null,null,null,null,null,null
2015-08-25,13.050000,13.050000,13.050000,13.050000,13.050000,448
2015-08-26,14.600000,14.600000,14.600000,14.600000,14.600000,4
2015-08-27,14.300000,14.350000,13.800000,13.800000,13.800000,161
2015-08-28,13.900000,13.900000,13.900000,13.900000,13.900000,4
2015-08-31,13.900000,13.900000,13.900000,13.900000,13.900000,4
2015-09-01,14.950000,14.950000,14.950000,14.950000,14.950000,22
2015-09-02,14.950000,14.950000,14.950000,14.950000,14.950000,0
2015-09-03,14.100000,14.100000,14.050000,14.050000,14.050000,22
2015-09-04,14.050000,14.050000,14.050000,14.050000,14.050000,0
2015-09-08,13.100000,13.100000,13.100000,13.100000,13.100000,4
2015-09-09,13.100000,13.100000,13.100000,13.100000,13.100000,0
2015-09-10,13.100000,13.100000,13.100000,13.100000,13.100000,0
2015-09-11,null,null,null,null,null,null
2015-09-14,12.650000,12.650000,12.550000,12.550000,12.550000,77
2015-09-15,12.800000,12.800000,12.650000,12.650000,12.650000,2
2015-09-16,12.900000,12.900000,12.900000,12.900000,12.900000,6
2015-09-17,12.900000,13.150000,12.900000,13.150000,13.150000,473
2015-09-18,13.150000,13.150000,13.150000,13.150000,13.150000,0
2015-09-21,15.500000,15.500000,15.500000,15.500000,15.500000,11
2015-09-22,15.500000,15.500000,15.500000,15.500000,15.500000,0
2015-09-23,16.400000,16.400000,16.200001,16.200001,16.200001,217
2015-09-24,15.700000,15.700000,15.700000,15.700000,15.700000,4
2015-09-25,15.700000,15.700000,15.700000,15.700000,15.700000,0
2015-09-28,15.700000,15.700000,15.700000,15.700000,15.700000,0
2015-09-29,null,null,null,null,null,null
2015-09-30,14.500000,14.500000,14.500000,14.500000,14.500000,0
2015-10-01,null,null,null,null,null,null
2015-10-02,15.100000,15.100000,15.100000,15.100000,15.100000,21
2015-10-05,null,null,null,null,null,null
2015-10-06,17.100000,17.200001,17.000000,17.100000,17.100000,8717
2015-10-07,17.400000,17.400000,17.400000,17.400000,17.400000,890
2015-10-08,16.900000,16.900000,16.600000,16.600000,16.600000,2190
2015-10-09,null,null,null,null,null,null
2015-10-12,16.500000,17.100000,16.500000,16.799999,16.799999,108
2015-10-13,16.500000,16.500000,15.400000,15.400000,15.400000,1098
2015-10-14,15.900000,15.900000,15.900000,15.900000,15.900000,22
2015-10-15,null,null,null,null,null,null
2015-10-16,null,null,null,null,null,null
2015-10-19,null,null,null,null,null,null
2015-10-20,null,null,null,null,null,null
2015-10-21,15.200000,15.600000,15.200000,15.300000,15.300000,3080
2015-10-22,15.300000,15.300000,15.300000,15.300000,15.300000,0
2015-10-23,null,null,null,null,null,null
2015-10-26,15.100000,15.100000,14.500000,14.550000,14.550000,1719
2015-10-27,14.900000,14.900000,14.150000,14.150000,14.150000,5312
2015-10-28,null,null,null,null,null,null
2015-10-29,12.800000,13.400000,12.800000,13.400000,13.400000,9230
2015-10-30,13.350000,14.500000,13.200000,13.600000,13.600000,8023
2015-11-02,null,null,null,null,null,null
2015-11-03,null,null,null,null,null,null
2015-11-04,null,null,null,null,null,null
2015-11-05,null,null,null,null,null,null
2015-11-06,15.500000,16.100000,15.500000,16.100000,16.100000,430
2015-11-09,16.299999,16.299999,16.100000,16.100000,16.100000,24
2015-11-10,null,null,null,null,null,null
2015-11-11,null,null,null,null,null,null
2015-11-12,null,null,null,null,null,null
2015-11-13,null,null,null,null,null,null
2015-11-16,15.600000,15.800000,15.600000,15.800000,15.800000,1775
2015-11-17,null,null,null,null,null,null
2015-11-18,null,null,null,null,null,null
2015-11-19,null,null,null,null,null,null
2015-11-20,17.400000,17.400000,17.000000,17.100000,17.100000,89
2015-11-23,17.100000,17.100000,17.100000,17.100000,17.100000,0
2015-11-24,17.400000,17.400000,17.000000,17.100000,17.100000,1990
2015-11-25,null,null,null,null,null,null
2015-11-27,null,null,null,null,null,null
2015-11-30,null,null,null,null,null,null
2015-12-01,17.200001,17.200001,17.200001,17.200001,17.200001,0
2015-12-02,17.299999,17.299999,17.200001,17.200001,17.200001,1228
2015-12-03,null,null,null,null,null,null
2015-12-04,null,null,null,null,null,null
2015-12-07,null,null,null,null,null,null
2015-12-08,null,null,null,null,null,null
2015-12-09,17.100000,17.100000,17.100000,17.100000,17.100000,0
2015-12-10,null,null,null,null,null,null
2015-12-11,17.600000,17.700001,17.100000,17.100000,17.100000,3947
2015-12-14,18.000000,18.299999,18.000000,18.299999,18.299999,571
2015-12-15,null,null,null,null,null,null
2015-12-16,null,null,null,null,null,null
2015-12-17,null,null,null,null,null,null
2015-12-18,null,null,null,null,null,null
2015-12-21,18.900000,19.000000,18.900000,19.000000,19.000000,530
2015-12-22,null,null,null,null,null,null
2015-12-23,null,null,null,null,null,null
2015-12-24,20.000000,20.000000,20.000000,20.000000,20.000000,0
2015-12-28,20.000000,20.000000,20.000000,20.000000,20.000000,64
2015-12-29,20.799999,20.799999,20.799999,20.799999,20.799999,2
2015-12-30,21.900000,24.000000,21.900000,22.400000,22.400000,1648
2015-12-31,21.900000,24.000000,21.900000,22.400000,22.400000,1648
2016-01-04,22.400000,22.400000,22.400000,22.400000,22.400000,0
2016-01-05,21.900000,24.000000,21.900000,22.400000,22.400000,1648
2016-01-06,20.400000,20.400000,19.799999,19.799999,19.799999,1444
2016-01-07,20.400000,20.400000,19.799999,19.799999,19.799999,1444
2016-01-08,20.600000,20.600000,19.200001,19.200001,19.200001,1191
2016-01-11,18.500000,19.000000,18.299999,18.600000,18.600000,3091
2016-01-12,18.000000,19.299999,18.000000,19.299999,19.299999,239
2016-01-13,19.299999,19.600000,19.100000,19.100000,19.100000,1861
2016-01-14,18.100000,18.100000,18.100000,18.100000,18.100000,124
2016-01-15,null,null,null,null,null,null
2016-01-19,18.900000,18.900000,18.799999,18.799999,18.799999,613
2016-01-20,18.100000,18.500000,18.100000,18.299999,18.299999,1232
2016-01-21,17.900000,18.200001,17.900000,18.000000,18.000000,2190
2016-01-22,19.400000,19.400000,19.400000,19.400000,19.400000,1598
2016-01-25,19.600000,20.200001,19.600000,20.200001,20.200001,360
2016-01-26,null,null,null,null,null,null
2016-01-27,20.799999,20.799999,20.600000,20.600000,20.600000,55
2016-01-28,20.900000,21.200001,20.900000,20.900000,20.900000,321
2016-01-29,null,null,null,null,null,null
2016-02-01,null,null,null,null,null,null
2016-02-02,19.299999,19.299999,19.200001,19.200001,19.200001,1735
2016-02-03,18.900000,19.000000,18.600000,18.900000,18.900000,3591
2016-02-04,null,null,null,null,null,null
2016-02-05,null,null,null,null,null,null
2016-02-08,null,null,null,null,null,null
2016-02-09,17.799999,17.799999,17.400000,17.400000,17.400000,297
2016-02-10,17.600000,17.600000,17.600000,17.600000,17.600000,558
2016-02-11,17.900000,18.700001,17.900000,18.700001,18.700001,1632
2016-02-12,null,null,null,null,null,null
2016-02-16,null,null,null,null,null,null
2016-02-17,null,null,null,null,null,null
2016-02-18,null,null,null,null,null,null
2016-02-19,21.000000,21.000000,20.500000,20.500000,20.500000,573
2016-02-22,20.299999,20.299999,20.299999,20.299999,20.299999,71
2016-02-23,21.000000,21.000000,20.799999,20.799999,20.799999,207
2016-02-24,20.799999,20.799999,20.799999,20.799999,20.799999,0
2016-02-25,20.500000,20.700001,20.400000,20.400000,20.400000,3997
2016-02-26,null,null,null,null,null,null
2016-02-29,null,null,null,null,null,null
2016-03-01,null,null,null,null,null,null
2016-03-02,null,null,null,null,null,null
2016-03-03,null,null,null,null,null,null
2016-03-04,null,null,null,null,null,null
2016-03-07,null,null,null,null,null,null
2016-03-08,null,null,null,null,null,null
2016-03-09,null,null,null,null,null,null
2016-03-10,null,null,null,null,null,null
2016-03-11,null,null,null,null,null,null
2016-03-14,null,null,null,null,null,null
2016-03-15,null,null,null,null,null,null
2016-03-16,null,null,null,null,null,null
2016-03-17,null,null,null,null,null,null
2016-03-18,null,null,null,null,null,null
2016-03-21,21.799999,21.799999,21.799999,21.799999,21.799999,242
2016-03-22,null,null,null,null,null,null
2016-03-23,22.000000,22.000000,22.000000,22.000000,22.000000,1260
2016-03-24,null,null,null,null,null,null
2016-03-28,null,null,null,null,null,null
2016-03-29,null,null,null,null,null,null
2016-03-30,null,null,null,null,null,null
2016-03-31,null,null,null,null,null,null
2016-04-01,null,null,null,null,null,null
2016-04-04,null,null,null,null,null,null
2016-04-05,null,null,null,null,null,null
2016-04-06,22.500000,22.500000,22.500000,22.500000,22.500000,0
2016-04-07,null,null,null,null,null,null
2016-04-08,null,null,null,null,null,null
2016-04-11,null,null,null,null,null,null
2016-04-12,null,null,null,null,null,null
2016-04-13,null,null,null,null,null,null
2016-04-14,null,null,null,null,null,null
2016-04-15,null,null,null,null,null,null
2016-04-18,null,null,null,null,null,null
2016-04-19,null,null,null,null,null,null
2016-04-20,23.500000,23.500000,23.500000,23.500000,23.500000,39
2016-04-21,null,null,null,null,null,null
2016-04-22,null,null,null,null,null,null
2016-04-25,null,null,null,null,null,null
2016-04-26,23.600000,23.600000,23.600000,23.600000,23.600000,0
2016-04-27,23.600000,23.600000,23.600000,23.600000,23.600000,0
2016-04-28,23.600000,23.600000,23.600000,23.600000,23.600000,0
2016-04-29,23.600000,23.600000,23.600000,23.600000,23.600000,0
2016-05-02,23.600000,23.600000,23.600000,23.600000,23.600000,0
2016-05-03,23.600000,23.600000,23.600000,23.600000,23.600000,0
2016-05-04,23.600000,23.600000,23.600000,23.600000,23.600000,0
2016-05-05,23.600000,23.600000,23.600000,23.600000,23.600000,0
2016-05-06,23.600000,23.600000,23.600000,23.600000,23.600000,0
2016-05-09,23.600000,23.600000,23.600000,23.600000,23.600000,0
2016-05-10,23.000000,23.000000,22.900000,22.900000,22.900000,325
2016-05-11,22.900000,22.900000,22.900000,22.900000,22.900000,0
2016-05-12,null,null,null,null,null,null
2016-05-13,22.799999,22.799999,22.299999,22.299999,22.299999,387
2016-05-16,null,null,null,null,null,null
2016-05-17,null,null,null,null,null,null
2016-05-18,22.000000,22.000000,22.000000,22.000000,22.000000,1000
2016-05-19,null,null,null,null,null,null
2016-05-20,null,null,null,null,null,null
2016-05-23,22.299999,22.299999,22.299999,22.299999,22.299999,0
2016-05-24,22.299999,22.299999,22.299999,22.299999,22.299999,0
2016-05-25,22.299999,22.299999,22.299999,22.299999,22.299999,324
2016-05-26,22.299999,23.600000,22.299999,23.500000,23.500000,935
2016-05-27,null,null,null,null,null,null
2016-05-31,25.000000,25.000000,25.000000,25.000000,25.000000,0
2016-06-01,25.100000,25.100000,25.100000,25.100000,25.100000,423
2016-06-02,null,null,null,null,null,null
2016-06-03,null,null,null,null,null,null
2016-06-06,null,null,null,null,null,null
2016-06-07,null,null,null,null,null,null
2016-06-08,25.200001,25.200001,25.200001,25.200001,25.200001,70
2016-06-09,null,null,null,null,null,null
2016-06-10,24.200001,24.200001,24.200001,24.200001,24.200001,148
2016-06-13,22.799999,22.799999,22.799999,22.799999,22.799999,265
2016-06-14,22.799999,22.799999,22.799999,22.799999,22.799999,0
2016-06-15,null,null,null,null,null,null
2016-06-16,null,null,null,null,null,null
2016-06-17,null,null,null,null,null,null
2016-06-20,null,null,null,null,null,null
2016-06-21,null,null,null,null,null,null
2016-06-22,24.100000,24.100000,24.100000,24.100000,24.100000,0
2016-06-23,null,null,null,null,null,null
2016-06-24,24.200001,24.200001,24.100000,24.100000,24.100000,257
2016-06-27,24.100000,24.100000,24.100000,24.100000,24.100000,0
2016-06-28,null,null,null,null,null,null
2016-06-29,24.100000,24.100000,24.100000,24.100000,24.100000,0
2016-06-30,null,null,null,null,null,null
2016-07-01,null,null,null,null,null,null
2016-07-05,null,null,null,null,null,null
2016-07-06,null,null,null,null,null,null
2016-07-07,25.700001,25.700001,25.700001,25.700001,25.700001,0
2016-07-08,25.700001,25.700001,25.700001,25.700001,25.700001,0
2016-07-11,null,null,null,null,null,null
2016-07-12,26.600000,26.600000,26.600000,26.600000,26.600000,761
2016-07-13,null,null,null,null,null,null
2016-07-14,null,null,null,null,null,null
2016-07-15,null,null,null,null,null,null
2016-07-18,null,null,null,null,null,null
2016-07-19,null,null,null,null,null,null
2016-07-20,null,null,null,null,null,null
2016-07-21,25.900000,25.900000,25.900000,25.900000,25.900000,0
2016-07-22,null,null,null,null,null,null
2016-07-25,null,null,null,null,null,null
2016-07-26,null,null,null,null,null,null
2016-07-27,null,null,null,null,null,null
2016-07-28,null,null,null,null,null,null
2016-07-29,null,null,null,null,null,null
2016-08-01,25.900000,25.900000,25.900000,25.900000,25.900000,0
2016-08-02,25.900000,25.900000,25.900000,25.900000,25.900000,0
2016-08-03,25.400000,25.400000,25.400000,25.400000,25.400000,154
2016-08-04,25.500000,25.500000,25.500000,25.500000,25.500000,154
2016-08-05,25.500000,25.500000,25.500000,25.500000,25.500000,0
2016-08-08,25.500000,25.500000,25.500000,25.500000,25.500000,0
2016-08-09,26.000000,26.000000,26.000000,26.000000,26.000000,1
2016-08-10,26.500000,26.500000,26.500000,26.500000,26.500000,12
2016-08-11,26.100000,26.100000,25.900000,25.900000,25.900000,37
2016-08-12,25.900000,25.900000,25.900000,25.900000,25.900000,0
2016-08-15,25.900000,25.900000,25.900000,25.900000,25.900000,0
2016-08-16,25.700001,25.700001,25.400000,25.400000,25.400000,1598
2016-08-17,25.400000,25.400000,25.400000,25.400000,25.400000,0
2016-08-18,25.400000,25.400000,25.400000,25.400000,25.400000,0
2016-08-19,25.400000,25.400000,25.400000,25.400000,25.400000,0
2016-08-22,25.400000,25.400000,25.400000,25.400000,25.400000,0
2016-08-23,null,null,null,null,null,null
2016-08-24,25.400000,25.400000,25.400000,25.400000,25.400000,0
2016-08-25,25.400000,25.400000,25.400000,25.400000,25.400000,0
2016-08-26,null,null,null,null,null,null
2016-08-29,null,null,null,null,null,null
2016-08-30,25.400000,25.400000,25.400000,25.400000,25.400000,0
2016-08-31,null,null,null,null,null,null
2016-09-01,null,null,null,null,null,null
2016-09-02,25.400000,25.400000,25.400000,25.400000,25.400000,0
2016-09-06,25.400000,25.400000,25.400000,25.400000,25.400000,0
2016-09-07,null,null,null,null,null,null
2016-09-08,25.400000,25.400000,25.400000,25.400000,25.400000,0
2016-09-09,25.400000,25.400000,25.400000,25.400000,25.400000,0
2016-09-12,25.400000,25.400000,25.400000,25.400000,25.400000,0
2016-09-13,28.600000,28.600000,28.600000,28.600000,28.600000,28
2016-09-14,28.600000,28.600000,28.600000,28.600000,28.600000,1846
2016-09-15,28.500000,28.500000,28.500000,28.500000,28.500000,2
2016-09-16,28.500000,28.500000,28.500000,28.500000,28.500000,0
2016-09-19,null,null,null,null,null,null
2016-09-20,28.500000,28.500000,28.500000,28.500000,28.500000,0
2016-09-21,null,null,null,null,null,null
2016-09-22,28.600000,28.600000,28.600000,28.600000,28.600000,58
2016-09-23,null,null,null,null,null,null
2016-09-26,28.600000,28.600000,28.600000,28.600000,28.600000,0
2016-09-27,28.600000,28.600000,28.600000,28.600000,28.600000,0
2016-09-28,28.600000,28.600000,28.600000,28.600000,28.600000,0
2016-09-29,null,null,null,null,null,null
2016-09-30,null,null,null,null,null,null
2016-10-03,null,null,null,null,null,null
2016-10-04,null,null,null,null,null,null
2016-10-05,null,null,null,null,null,null
2016-10-06,null,null,null,null,null,null
2016-10-07,30.000000,30.000000,29.900000,29.900000,29.900000,278
2016-10-10,29.900000,29.900000,29.900000,29.900000,29.900000,0
2016-10-11,null,null,null,null,null,null
2016-10-12,null,null,null,null,null,null
2016-10-13,29.900000,29.900000,29.900000,29.900000,29.900000,0
2016-10-14,null,null,null,null,null,null
2016-10-17,null,null,null,null,null,null
2016-10-18,29.600000,29.600000,29.600000,29.600000,29.600000,306
2016-10-19,null,null,null,null,null,null
2016-10-20,null,null,null,null,null,null
2016-10-21,null,null,null,null,null,null
2016-10-24,null,null,null,null,null,null
2016-10-25,null,null,null,null,null,null
2016-10-26,30.299999,30.299999,30.299999,30.299999,30.299999,0
2016-10-27,null,null,null,null,null,null
2016-10-28,null,null,null,null,null,null
2016-10-31,null,null,null,null,null,null
2016-11-01,null,null,null,null,null,null
2016-11-02,null,null,null,null,null,null
2016-11-03,null,null,null,null,null,null
2016-11-04,null,null,null,null,null,null
2016-11-07,null,null,null,null,null,null
2016-11-08,null,null,null,null,null,null
2016-11-09,null,null,null,null,null,null
2016-11-10,null,null,null,null,null,null
2016-11-11,27.400000,27.700001,27.200001,27.200001,27.200001,4670
2016-11-14,27.299999,27.400000,27.100000,27.200001,27.200001,1846
2016-11-15,27.299999,27.400000,27.299999,27.400000,27.400000,253
2016-11-16,27.299999,27.299999,27.299999,27.299999,27.299999,106
2016-11-17,27.299999,27.299999,27.299999,27.299999,27.299999,0
2016-11-18,27.200001,27.200001,27.200001,27.200001,27.200001,103
2016-11-21,27.299999,27.299999,26.900000,26.900000,26.900000,57
2016-11-22,26.900000,26.900000,26.900000,26.900000,26.900000,0
2016-11-23,27.500000,27.500000,27.500000,27.500000,27.500000,2
2016-11-25,27.400000,27.400000,27.400000,27.400000,27.400000,0
2016-11-28,null,null,null,null,null,null
2016-11-29,27.000000,27.000000,27.000000,27.000000,27.000000,5
2016-11-30,27.299999,27.299999,27.100000,27.200001,27.200001,307
2016-12-01,27.200001,27.200001,27.200001,27.200001,27.200001,0
2016-12-02,27.200001,27.200001,27.200001,27.200001,27.200001,0
2016-12-05,null,null,null,null,null,null
2016-12-06,26.299999,26.299999,26.299999,26.299999,26.299999,47
2016-12-07,26.299999,26.299999,26.299999,26.299999,26.299999,0
2016-12-08,26.299999,26.299999,26.299999,26.299999,26.299999,0
2016-12-09,26.299999,26.299999,26.299999,26.299999,26.299999,0
2016-12-12,null,null,null,null,null,null
2016-12-13,25.700001,25.700001,25.600000,25.600000,25.600000,79
2016-12-14,25.299999,25.299999,25.100000,25.100000,25.100000,23
2016-12-15,null,null,null,null,null,null
2016-12-16,null,null,null,null,null,null
2016-12-19,null,null,null,null,null,null
2016-12-20,null,null,null,null,null,null
2016-12-21,25.200001,25.200001,25.200001,25.200001,25.200001,0
2016-12-22,25.200001,25.200001,25.200001,25.200001,25.200001,0
2016-12-23,25.299999,25.299999,25.299999,25.299999,25.299999,2
2016-12-27,null,null,null,null,null,null
2016-12-28,25.700001,25.700001,25.700001,25.700001,25.700001,0
2016-12-29,25.700001,25.700001,25.700001,25.700001,25.700001,0
2016-12-30,null,null,null,null,null,null
2017-01-03,null,null,null,null,null,null
2017-01-04,null,null,null,null,null,null
2017-01-05,null,null,null,null,null,null
2017-01-06,null,null,null,null,null,null
2017-01-09,26.400000,26.400000,26.400000,26.400000,26.400000,0
2017-01-10,26.799999,26.900000,26.799999,26.900000,26.900000,207
2017-01-11,null,null,null,null,null,null
2017-01-12,null,null,null,null,null,null
2017-01-13,null,null,null,null,null,null
2017-01-17,null,null,null,null,null,null
2017-01-18,26.500000,26.500000,26.500000,26.500000,26.500000,0
2017-01-19,null,null,null,null,null,null
2017-01-20,null,null,null,null,null,null
2017-01-23,null,null,null,null,null,null
2017-01-24,null,null,null,null,null,null
2017-01-25,null,null,null,null,null,null
2017-01-26,27.000000,27.000000,27.000000,27.000000,27.000000,471
2017-01-27,27.000000,27.000000,27.000000,27.000000,27.000000,0
2017-01-30,null,null,null,null,null,null
2017-01-31,27.000000,27.000000,27.000000,27.000000,27.000000,0
2017-02-01,null,null,null,null,null,null
2017-02-02,null,null,null,null,null,null
2017-02-03,null,null,null,null,null,null
2017-02-06,null,null,null,null,null,null
2017-02-07,null,null,null,null,null,null
2017-02-08,null,null,null,null,null,null
2017-02-09,null,null,null,null,null,null
2017-02-10,null,null,null,null,null,null
2017-02-13,null,null,null,null,null,null
2017-02-14,null,null,null,null,null,null
2017-02-15,null,null,null,null,null,null
2017-02-16,null,null,null,null,null,null
2017-02-17,null,null,null,null,null,null
2017-02-21,28.500000,28.500000,28.500000,28.500000,28.500000,5
2017-02-22,28.500000,28.500000,28.500000,28.500000,28.500000,0
2017-02-23,29.400000,29.500000,29.400000,29.500000,29.500000,1408
2017-02-24,29.799999,29.799999,29.799999,29.799999,29.799999,8
2017-02-27,29.799999,29.799999,29.799999,29.799999,29.799999,0
2017-02-28,28.100000,28.100000,28.100000,28.100000,28.100000,116
2017-03-01,28.100000,28.100000,28.100000,28.100000,28.100000,0
2017-03-02,null,null,null,null,null,null
2017-03-03,28.100000,28.100000,28.100000,28.100000,28.100000,0
2017-03-06,null,null,null,null,null,null
2017-03-07,28.000000,28.000000,28.000000,28.000000,28.000000,100
2017-03-08,28.000000,28.000000,28.000000,28.000000,28.000000,0
2017-03-09,null,null,null,null,null,null
2017-03-10,null,null,null,null,null,null
2017-03-13,26.000000,26.000000,26.000000,26.000000,26.000000,0
2017-03-14,26.000000,26.000000,26.000000,26.000000,26.000000,0
2017-03-15,25.500000,25.600000,25.500000,25.600000,25.600000,333
2017-03-16,25.600000,25.600000,25.600000,25.600000,25.600000,0
2017-03-17,null,null,null,null,null,null
2017-03-20,null,null,null,null,null,null
2017-03-21,null,null,null,null,null,null
2017-03-22,26.900000,26.900000,26.900000,26.900000,26.900000,0
2017-03-23,null,null,null,null,null,null
2017-03-24,null,null,null,null,null,null
2017-03-27,null,null,null,null,null,null
2017-03-28,null,null,null,null,null,null
2017-03-29,null,null,null,null,null,null
2017-03-30,null,null,null,null,null,null
2017-03-31,25.500000,27.299999,25.500000,27.299999,27.299999,54
2017-04-03,null,null,null,null,null,null
2017-04-04,null,null,null,null,null,null
2017-04-05,null,null,null,null,null,null
2017-04-06,27.299999,27.299999,27.299999,27.299999,27.299999,0
2017-04-07,27.299999,27.299999,27.299999,27.299999,27.299999,0
2017-04-10,27.299999,27.299999,27.299999,27.299999,27.299999,0
2017-04-11,27.299999,27.299999,27.299999,27.299999,27.299999,0
2017-04-12,27.299999,27.299999,27.299999,27.299999,27.299999,0
2017-04-13,null,null,null,null,null,null
2017-04-17,27.299999,27.299999,27.299999,27.299999,27.299999,0
2017-04-18,27.299999,27.299999,27.299999,27.299999,27.299999,0
2017-04-19,27.299999,27.299999,27.299999,27.299999,27.299999,0
2017-04-20,null,null,null,null,null,null
2017-04-21,null,null,null,null,null,null
2017-04-24,27.299999,27.299999,27.299999,27.299999,27.299999,0
2017-04-25,null,null,null,null,null,null
2017-04-26,null,null,null,null,null,null
2017-04-27,27.299999,27.299999,27.299999,27.299999,27.299999,0
2017-04-28,null,null,null,null,null,null
2017-05-01,null,null,null,null,null,null
2017-05-02,27.299999,27.299999,27.299999,27.299999,27.299999,0
2017-05-03,27.299999,27.299999,27.299999,27.299999,27.299999,0
2017-05-04,null,null,null,null,null,null
2017-05-05,27.299999,27.299999,27.299999,27.299999,27.299999,0
2017-05-08,27.299999,27.299999,27.299999,27.299999,27.299999,0
2017-05-09,null,null,null,null,null,null
2017-05-10,null,null,null,null,null,null
2017-05-11,null,null,null,null,null,null
2017-05-12,null,null,null,null,null,null
2017-05-15,null,null,null,null,null,null
2017-05-16,null,null,null,null,null,null
2017-05-17,null,null,null,null,null,null
2017-05-18,null,null,null,null,null,null
2017-05-19,null,null,null,null,null,null
2017-05-22,27.299999,27.299999,27.299999,27.299999,27.299999,0
2017-05-23,null,null,null,null,null,null
2017-05-24,27.299999,27.299999,27.299999,27.299999,27.299999,0
2017-05-25,null,null,null,null,null,null
2017-05-26,null,null,null,null,null,null
2017-05-30,null,null,null,null,null,null
2017-05-31,null,null,null,null,null,null
2017-06-01,null,null,null,null,null,null
2017-06-02,null,null,null,null,null,null
2017-06-05,null,null,null,null,null,null
2017-06-06,null,null,null,null,null,null
2017-06-07,null,null,null,null,null,null
2017-06-08,null,null,null,null,null,null
2017-06-09,null,null,null,null,null,null
2017-06-12,null,null,null,null,null,null
2017-06-13,null,null,null,null,null,null
2017-06-14,null,null,null,null,null,null
2017-06-15,null,null,null,null,null,null
2017-06-16,27.299999,27.299999,27.299999,27.299999,27.299999,0
2017-06-19,27.299999,27.299999,27.299999,27.299999,27.299999,0
2017-06-20,27.299999,27.299999,27.299999,27.299999,27.299999,0
2017-06-21,27.299999,27.299999,27.299999,27.299999,27.299999,0
2017-06-22,27.299999,27.299999,27.299999,27.299999,27.299999,0
2017-06-23,null,null,null,null,null,null
2017-06-26,27.299999,27.299999,27.299999,27.299999,27.299999,0
2017-06-27,null,null,null,null,null,null
2017-06-28,27.299999,27.299999,27.299999,27.299999,27.299999,0
2017-06-29,null,null,null,null,null,null
2017-06-30,27.299999,27.299999,27.299999,27.299999,27.299999,0
2017-07-03,27.299999,27.299999,27.299999,27.299999,27.299999,0
2017-07-05,27.299999,27.299999,27.299999,27.299999,27.299999,0
2017-07-06,null,null,null,null,null,null
2017-07-07,27.299999,27.299999,27.299999,27.299999,27.299999,0
2017-07-10,null,null,null,null,null,null
2017-07-11,null,null,null,null,null,null
2017-07-12,27.299999,27.299999,27.299999,27.299999,27.299999,0
2017-07-13,null,null,null,null,null,null
2017-07-14,null,null,null,null,null,null
2017-07-17,null,null,null,null,null,null
2017-07-18,null,null,null,null,null,null
2017-07-19,null,null,null,null,null,null
2017-07-20,null,null,null,null,null,null
2017-07-21,null,null,null,null,null,null
2017-07-24,null,null,null,null,null,null
2017-07-25,27.299999,27.299999,27.299999,27.299999,27.299999,0
2017-07-26,null,null,null,null,null,null
2017-07-27,27.299999,27.299999,27.299999,27.299999,27.299999,0
2017-07-28,27.299999,27.299999,27.299999,27.299999,27.299999,0
2017-07-31,27.299999,27.299999,27.299999,27.299999,27.299999,0
2017-08-01,27.299999,27.299999,27.299999,27.299999,27.299999,0
2017-08-02,null,null,null,null,null,null
2017-08-03,null,null,null,null,null,null
2017-08-04,null,null,null,null,null,null
2017-08-07,27.299999,27.299999,27.299999,27.299999,27.299999,0
2017-08-08,null,null,null,null,null,null
2017-08-09,null,null,null,null,null,null
2017-08-10,27.299999,27.299999,27.299999,27.299999,27.299999,0
2017-08-11,null,null,null,null,null,null
2017-08-14,null,null,null,null,null,null
2017-08-15,27.299999,27.299999,27.299999,27.299999,27.299999,0
2017-08-16,null,null,null,null,null,null
2017-08-17,null,null,null,null,null,null
2017-08-18,null,null,null,null,null,null
2017-08-21,null,null,null,null,null,null
2017-08-22,27.299999,27.299999,27.299999,27.299999,27.299999,0
2017-08-23,null,null,null,null,null,null
2017-08-24,null,null,null,null,null,null
2017-08-25,null,null,null,null,null,null
2017-08-28,27.299999,27.299999,27.299999,27.299999,27.299999,0
2017-08-29,null,null,null,null,null,null
2017-08-30,27.299999,27.299999,27.299999,27.299999,27.299999,0
2017-08-31,null,null,null,null,null,null
2017-09-01,null,null,null,null,null,null
2017-09-05,null,null,null,null,null,null
2017-09-06,null,null,null,null,null,null
2017-09-07,null,null,null,null,null,null
2017-09-08,null,null,null,null,null,null
2017-09-11,null,null,null,null,null,null
2017-09-12,null,null,null,null,null,null
2017-09-13,null,null,null,null,null,null
2017-09-14,null,null,null,null,null,null
2017-09-15,null,null,null,null,null,null
2017-09-18,27.299999,27.299999,27.299999,27.299999,27.299999,0
2017-09-19,27.299999,27.299999,27.299999,27.299999,27.299999,0
2017-09-20,27.299999,27.299999,27.299999,27.299999,27.299999,0
2017-09-21,27.299999,27.299999,27.299999,27.299999,27.299999,0
2017-09-22,27.299999,27.299999,27.299999,27.299999,27.299999,0
2017-09-25,27.299999,27.299999,27.299999,27.299999,27.299999,0
2017-09-26,27.299999,27.299999,27.299999,27.299999,27.299999,0
2017-09-27,27.299999,27.299999,27.299999,27.299999,27.299999,0
2017-09-28,27.299999,27.299999,27.299999,27.299999,27.299999,0
2017-09-29,27.299999,27.299999,27.299999,27.299999,27.299999,0
2017-10-02,27.299999,27.299999,27.299999,27.299999,27.299999,0
2017-10-03,27.299999,27.299999,27.299999,27.299999,27.299999,0
2017-10-04,27.299999,27.299999,27.299999,27.299999,27.299999,0
2017-10-05,27.299999,27.299999,27.299999,27.299999,27.299999,0
2017-10-06,null,null,null,null,null,null
2017-10-09,null,null,null,null,null,null
2017-10-10,null,null,null,null,null,null
2017-10-11,null,null,null,null,null,null
2017-10-12,null,null,null,null,null,null
2017-10-13,null,null,null,null,null,null
2017-10-16,null,null,null,null,null,null
2017-10-17,null,null,null,null,null,null
2017-10-18,null,null,null,null,null,null
2017-10-19,null,null,null,null,null,null
2017-10-20,null,null,null,null,null,null
2017-10-23,null,null,null,null,null,null
2017-10-24,null,null,null,null,null,null
2017-10-25,null,null,null,null,null,null
2017-10-26,null,null,null,null,null,null
2017-10-27,null,null,null,null,null,null
2017-10-30,null,null,null,null,null,null
2017-10-31,null,null,null,null,null,null
2017-11-01,null,null,null,null,null,null
2017-11-02,null,null,null,null,null,null
2017-11-03,null,null,null,null,null,null
2017-11-06,null,null,null,null,null,null
2017-11-07,null,null,null,null,null,null
2017-11-08,null,null,null,null,null,null
2017-11-09,null,null,null,null,null,null
2017-11-10,null,null,null,null,null,null
2017-11-13,null,null,null,null,null,null
2017-11-14,null,null,null,null,null,null
2017-11-15,null,null,null,null,null,null
2017-11-16,null,null,null,null,null,null
2017-11-17,null,null,null,null,null,null
2017-11-20,null,null,null,null,null,null
2017-11-21,null,null,null,null,null,null
2017-11-22,null,null,null,null,null,null
2017-11-24,null,null,null,null,null,null
2017-11-27,null,null,null,null,null,null
2017-11-28,null,null,null,null,null,null
2017-11-29,null,null,null,null,null,null
2017-11-30,null,null,null,null,null,null
2017-12-01,null,null,null,null,null,null
2017-12-04,null,null,null,null,null,null
2017-12-05,null,null,null,null,null,null
2017-12-06,null,null,null,null,null,null
2017-12-07,null,null,null,null,null,null
2017-12-08,27.299999,27.299999,27.299999,27.299999,27.299999,0
2017-12-11,null,null,null,null,null,null
2017-12-12,null,null,null,null,null,null
2017-12-13,null,null,null,null,null,null
2017-12-14,null,null,null,null,null,null
2017-12-15,null,null,null,null,null,null
2017-12-18,null,null,null,null,null,null
2017-12-19,null,null,null,null,null,null
2017-12-20,null,null,null,null,null,null
2017-12-21,null,null,null,null,null,null
2017-12-22,null,null,null,null,null,null
2017-12-26,null,null,null,null,null,null
2017-12-27,null,null,null,null,null,null
2017-12-28,null,null,null,null,null,null
2017-12-29,27.299999,27.299999,27.299999,27.299999,27.299999,0
2018-01-02,null,null,null,null,null,null
2018-01-03,null,null,null,null,null,null
2018-01-04,null,null,null,null,null,null
2018-01-05,null,null,null,null,null,null
2018-01-08,null,null,null,null,null,null
2018-01-09,null,null,null,null,null,null
2018-01-10,null,null,null,null,null,null
2018-01-11,null,null,null,null,null,null
2018-01-12,null,null,null,null,null,null
2018-01-16,null,null,null,null,null,null
2018-01-17,null,null,null,null,null,null
2018-01-18,null,null,null,null,null,null
2018-01-19,27.299999,27.299999,27.299999,27.299999,27.299999,0
2018-01-22,27.299999,27.299999,27.299999,27.299999,27.299999,0
2018-01-23,27.299999,27.299999,27.299999,27.299999,27.299999,0
2018-01-24,27.299999,27.299999,27.299999,27.299999,27.299999,0
2018-01-25,null,null,null,null,null,null
2018-01-26,null,null,null,null,null,null
2018-01-29,null,null,null,null,null,null
2018-01-30,null,null,null,null,null,null
2018-01-31,null,null,null,null,null,null
2018-02-01,null,null,null,null,null,null
2018-02-02,null,null,null,null,null,null
2018-02-05,null,null,null,null,null,null
2018-02-06,null,null,null,null,null,null
2018-02-07,null,null,null,null,null,null
2018-02-08,null,null,null,null,null,null
2018-02-09,null,null,null,null,null,null
2018-02-12,null,null,null,null,null,null
2018-02-13,null,null,null,null,null,null
2018-02-14,null,null,null,null,null,null
2018-02-15,null,null,null,null,null,null
2018-02-16,null,null,null,null,null,null
2018-02-20,null,null,null,null,null,null
2018-02-21,null,null,null,null,null,null
2018-02-22,null,null,null,null,null,null
2018-02-23,null,null,null,null,null,null
2018-02-26,null,null,null,null,null,null
2018-02-27,null,null,null,null,null,null
2018-02-28,null,null,null,null,null,null
2018-03-01,null,null,null,null,null,null
2018-03-02,null,null,null,null,null,null
2018-03-05,null,null,null,null,null,null
2018-03-06,null,null,null,null,null,null
2018-03-07,null,null,null,null,null,null
2018-03-08,null,null,null,null,null,null
2018-03-09,null,null,null,null,null,null
2018-03-12,null,null,null,null,null,null
2018-03-13,null,null,null,null,null,null
2018-03-14,null,null,null,null,null,null
2018-03-15,null,null,null,null,null,null
2018-03-16,null,null,null,null,null,null
2018-03-19,null,null,null,null,null,null
2018-03-20,null,null,null,null,null,null
2018-03-21,null,null,null,null,null,null
2018-03-22,null,null,null,null,null,null
2018-03-23,null,null,null,null,null,null
2018-03-26,null,null,null,null,null,null
2018-03-27,null,null,null,null,null,null
2018-03-28,null,null,null,null,null,null
2018-03-29,null,null,null,null,null,null
2018-04-02,null,null,null,null,null,null
2018-04-03,null,null,null,null,null,null
2018-04-04,null,null,null,null,null,null
2018-04-05,null,null,null,null,null,null
2018-04-06,null,null,null,null,null,null
2018-04-09,null,null,null,null,null,null
2018-04-10,null,null,null,null,null,null
2018-04-11,null,null,null,null,null,null
2018-04-12,null,null,null,null,null,null
2018-04-13,null,null,null,null,null,null
2018-04-16,null,null,null,null,null,null
2018-04-17,null,null,null,null,null,null
2018-04-18,null,null,null,null,null,null
2018-04-19,null,null,null,null,null,null
2018-04-20,null,null,null,null,null,null
2018-04-23,null,null,null,null,null,null
2018-04-24,null,null,null,null,null,null
2018-04-25,null,null,null,null,null,null
2018-04-26,null,null,null,null,null,null
2018-04-27,null,null,null,null,null,null
2018-04-30,null,null,null,null,null,null
2018-05-01,null,null,null,null,null,null
2018-05-02,null,null,null,null,null,null
2018-05-03,null,null,null,null,null,null
2018-05-04,null,null,null,null,null,null
2018-05-07,null,null,null,null,null,null
2018-05-08,null,null,null,null,null,null
2018-05-09,null,null,null,null,null,null
2018-05-10,null,null,null,null,null,null
2018-05-11,null,null,null,null,null,null
2018-05-14,null,null,null,null,null,null
2018-05-15,null,null,null,null,null,null
2018-05-16,null,null,null,null,null,null
2018-05-17,null,null,null,null,null,null
2018-05-18,null,null,null,null,null,null
2018-05-21,null,null,null,null,null,null
2018-05-22,null,null,null,null,null,null
2018-05-23,null,null,null,null,null,null
2018-05-24,null,null,null,null,null,null
2018-05-25,null,null,null,null,null,null
2018-05-29,null,null,null,null,null,null
2018-05-30,null,null,null,null,null,null
2018-05-31,null,null,null,null,null,null
2018-06-01,null,null,null,null,null,null
2018-06-04,null,null,null,null,null,null
2018-06-05,null,null,null,null,null,null
2018-06-06,null,null,null,null,null,null
2018-06-07,null,null,null,null,null,null
2018-06-08,null,null,null,null,null,null
2018-06-11,null,null,null,null,null,null
2018-06-12,null,null,null,null,null,null
2018-06-13,null,null,null,null,null,null
2018-06-14,null,null,null,null,null,null
2018-06-15,null,null,null,null,null,null
2018-06-18,null,null,null,null,null,null
2018-06-19,null,null,null,null,null,null
2018-06-20,null,null,null,null,null,null
2018-06-21,null,null,null,null,null,null
2018-06-22,null,null,null,null,null,null
2018-06-25,null,null,null,null,null,null
2018-06-26,null,null,null,null,null,null
2018-06-27,null,null,null,null,null,null
2018-06-28,null,null,null,null,null,null
2018-06-29,null,null,null,null,null,null
2018-07-02,null,null,null,null,null,null
2018-07-03,null,null,null,null,null,null
2018-07-05,null,null,null,null,null,null
2018-07-06,null,null,null,null,null,null
2018-07-09,null,null,null,null,null,null
2018-07-10,null,null,null,null,null,null
2018-07-11,null,null,null,null,null,null
2018-07-12,null,null,null,null,null,null
2018-07-13,null,null,null,null,null,null
2018-07-16,null,null,null,null,null,null
2018-07-17,null,null,null,null,null,null
2018-07-18,null,null,null,null,null,null
2018-07-19,null,null,null,null,null,null
2018-07-20,null,null,null,null,null,null
2018-07-23,null,null,null,null,null,null
2018-07-24,null,null,null,null,null,null
2018-07-25,null,null,null,null,null,null
2018-07-26,null,null,null,null,null,null
2018-07-27,null,null,null,null,null,null
2018-07-30,null,null,null,null,null,null
2018-07-31,null,null,null,null,null,null
2018-08-01,null,null,null,null,null,null
2018-08-02,null,null,null,null,null,null
2018-08-03,null,null,null,null,null,null
2018-08-06,null,null,null,null,null,null
2018-08-07,null,null,null,null,null,null
2018-08-08,null,null,null,null,null,null
2018-08-09,null,null,null,null,null,null
2018-08-10,null,null,null,null,null,null
2018-08-13,null,null,null,null,null,null
2018-08-14,null,null,null,null,null,null
2018-08-15,null,null,null,null,null,null
2018-08-16,null,null,null,null,null,null
2018-08-17,null,null,null,null,null,null
2018-08-20,null,null,null,null,null,null
2018-08-21,null,null,null,null,null,null
2018-08-22,null,null,null,null,null,null
2018-08-23,null,null,null,null,null,null
2018-08-24,null,null,null,null,null,null
2018-08-27,null,null,null,null,null,null
2018-08-28,null,null,null,null,null,null
2018-08-29,null,null,null,null,null,null
2018-08-30,null,null,null,null,null,null
2018-08-31,null,null,null,null,null,null
2018-09-04,null,null,null,null,null,null
2018-09-05,5.910000,6.000000,5.570000,5.890000,5.890000,5371140
2018-09-06,6.090000,7.100000,6.070000,7.100000,7.100000,11920872
2018-09-07,null,null,null,null,null,null
2018-09-10,null,null,null,null,null,null
2018-09-11,null,null,null,null,null,null
2018-09-12,null,null,null,null,null,null
2018-09-13,null,null,null,null,null,null
2018-09-14,null,null,null,null,null,null
2018-09-17,null,null,null,null,null,null
2018-09-18,null,null,null,null,null,null
2018-09-19,null,null,null,null,null,null
2018-09-20,null,null,null,null,null,null
2018-09-21,null,null,null,null,null,null
2018-09-24,null,null,null,null,null,null
2018-09-25,null,null,null,null,null,null
2018-09-26,null,null,null,null,null,null
2018-09-27,null,null,null,null,null,null
2018-09-28,null,null,null,null,null,null
2018-10-01,null,null,null,null,null,null
2018-10-02,null,null,null,null,null,null
2018-10-03,null,null,null,null,null,null
2018-10-04,null,null,null,null,null,null
2018-10-05,null,null,null,null,null,null
2018-10-08,null,null,null,null,null,null
2018-10-09,null,null,null,null,null,null
2018-10-10,null,null,null,null,null,null
2018-10-11,null,null,null,null,null,null
2018-10-12,null,null,null,null,null,null
2018-10-15,null,null,null,null,null,null
2018-10-16,null,null,null,null,null,null
2018-10-17,null,null,null,null,null,null
2018-10-18,null,null,null,null,null,null
2018-10-19,null,null,null,null,null,null
2018-10-22,null,null,null,null,null,null
2018-10-23,null,null,null,null,null,null
2018-10-24,null,null,null,null,null,null
2018-10-25,null,null,null,null,null,null
2018-10-26,null,null,null,null,null,null
2018-10-29,null,null,null,null,null,null
2018-10-30,null,null,null,null,null,null
2018-10-31,null,null,null,null,null,null
2018-11-01,null,null,null,null,null,null
2018-11-02,null,null,null,null,null,null
2018-11-05,null,null,null,null,null,null
2018-11-06,null,null,null,null,null,null
2018-11-07,null,null,null,null,null,null
2018-11-08,null,null,null,null,null,null
2018-11-09,null,null,null,null,null,null
2018-11-12,null,null,null,null,null,null
2018-11-13,null,null,null,null,null,null
2018-11-14,null,null,null,null,null,null
2018-11-15,null,null,null,null,null,null
2018-11-16,null,null,null,null,null,null
2018-11-19,null,null,null,null,null,null
2018-11-20,null,null,null,null,null,null
2018-11-21,null,null,null,null,null,null
2018-11-23,null,null,null,null,null,null
2018-11-26,null,null,null,null,null,null
2018-11-27,null,null,null,null,null,null
2018-11-28,null,null,null,null,null,null
2018-11-29,null,null,null,null,null,null
2018-11-30,null,null,null,null,null,null
2018-12-03,null,null,null,null,null,null
2018-12-04,null,null,null,null,null,null
2018-12-06,null,null,null,null,null,null
2018-12-07,null,null,null,null,null,null
2018-12-10,null,null,null,null,null,null
2018-12-11,null,null,null,null,null,null
2018-12-12,null,null,null,null,null,null
2018-12-13,null,null,null,null,null,null
2018-12-14,null,null,null,null,null,null
2018-12-17,null,null,null,null,null,null
2018-12-18,null,null,null,null,null,null
2018-12-19,null,null,null,null,null,null
2018-12-20,null,null,null,null,null,null
2018-12-21,null,null,null,null,null,null
2018-12-24,null,null,null,null,null,null
2018-12-26,null,null,null,null,null,null
2018-12-27,null,null,null,null,null,null
2018-12-28,null,null,null,null,null,null
2018-12-31,null,null,null,null,null,null
2019-01-02,null,null,null,null,null,null
2019-01-03,null,null,null,null,null,null
2019-01-04,null,null,null,null,null,null
2019-01-07,null,null,null,null,null,null
2019-01-08,null,null,null,null,null,null
2019-01-09,null,null,null,null,null,null
2019-01-10,null,null,null,null,null,null
2019-01-11,null,null,null,null,null,null
2019-01-14,null,null,null,null,null,null
2019-01-15,null,null,null,null,null,null
2019-01-16,null,null,null,null,null,null
2019-01-17,null,null,null,null,null,null
2019-01-18,null,null,null,null,null,null
2019-01-22,null,null,null,null,null,null
2019-01-23,5.600000,5.600000,5.110000,5.260000,5.260000,1605600
2019-01-24,5.290000,5.300000,5.010000,5.150000,5.150000,1542400
2019-01-25,5.150000,5.190000,4.910000,5.120000,5.120000,2526000
2019-01-28,5.170000,5.280000,5.010000,5.270000,5.270000,2123100
2019-01-29,5.340000,5.420000,5.100000,5.230000,5.230000,1579700
2019-01-30,5.270000,5.380000,5.180000,5.300000,5.300000,1417200
2019-01-31,5.350000,5.700000,5.276000,5.660000,5.660000,2304200
2019-02-01,5.800000,5.910000,5.650000,5.650000,5.650000,4096900
2019-02-04,5.890000,6.050000,5.700000,5.950000,5.950000,4536300
2019-02-05,6.050000,6.060000,5.500000,5.650000,5.650000,3169000
2019-02-06,5.550000,5.600000,5.120000,5.290000,5.290000,2760800
2019-02-07,5.130000,5.500000,5.087000,5.460000,5.460000,2265800
2019-02-08,5.580000,5.580000,5.300000,5.330000,5.330000,1061400
2019-02-11,5.400000,5.400000,5.040000,5.130000,5.130000,1614400
2019-02-12,5.020000,5.480000,4.980000,5.480000,5.480000,2274600
2019-02-13,5.530000,5.620000,5.380000,5.480000,5.480000,1471800
2019-02-14,5.470000,5.470000,5.310000,5.440000,5.440000,866400
2019-02-15,5.540000,5.609000,5.411000,5.580000,5.580000,1375900
2019-02-19,5.690000,5.700000,5.521000,5.700000,5.700000,2002200
2019-02-20,5.770000,6.000000,5.720000,6.000000,6.000000,3692800
2019-02-21,6.050000,6.150000,5.790000,5.910000,5.910000,3859900
2019-02-22,6.010000,6.010000,5.730000,5.900000,5.900000,2368500
2019-02-25,5.870000,5.880000,5.590000,5.680000,5.680000,2710400
2019-02-26,5.610000,5.830000,5.550000,5.660000,5.660000,4143200
2019-02-27,5.610000,5.660000,5.500000,5.620000,5.620000,2305100
2019-02-28,5.630000,5.700000,5.600000,5.700000,5.700000,1160300
2019-03-01,5.700000,5.730000,5.600000,5.670000,5.670000,1149700
2019-03-04,5.600000,5.600000,5.350000,5.550000,5.550000,1836600
2019-03-05,5.480000,5.520000,5.400000,5.460000,5.460000,1556100
2019-03-06,5.430000,5.520000,5.367000,5.460000,5.460000,1106600
2019-03-07,5.490000,5.490000,5.200000,5.260000,5.260000,1287400
2019-03-08,5.150000,5.440000,5.100000,5.420000,5.420000,1252500
2019-03-11,5.450000,5.550000,5.400000,5.550000,5.550000,1049200
2019-03-12,5.600000,5.710000,5.510000,5.580000,5.580000,1516000
2019-03-13,5.750000,6.000000,5.680000,5.950000,5.950000,3821800
2019-03-14,6.300000,6.310000,6.045000,6.100000,6.100000,6256500
2019-03-15,6.180000,6.183000,6.050000,6.110000,6.110000,3983400
2019-03-18,6.200000,6.730000,6.150000,6.730000,6.730000,7713500
2019-03-19,7.100000,7.330000,6.800000,6.940000,6.940000,13418900
2019-03-20,6.950000,6.950000,6.620000,6.720000,6.720000,4999400
2019-03-21,6.730000,6.840000,6.540000,6.790000,6.790000,3579700
2019-03-22,6.800000,6.800000,6.280000,6.370000,6.370000,4758300
2019-03-25,6.380000,6.430000,6.070000,6.260000,6.260000,4119800
2019-03-26,6.420000,6.790000,6.360000,6.790000,6.790000,6488300
2019-03-27,6.790000,6.880000,6.220000,6.380000,6.380000,5442600
2019-03-28,6.430000,6.520000,6.220000,6.490000,6.490000,3996100
2019-03-29,6.550000,6.665000,6.490000,6.630000,6.630000,3263500
2019-04-01,6.830000,6.830000,6.640000,6.780000,6.780000,3139100
2019-04-02,6.740000,6.800000,6.550000,6.680000,6.680000,2282500
2019-04-03,6.680000,6.760000,6.550000,6.600000,6.600000,2393100
2019-04-04,6.650000,6.660000,6.450000,6.570000,6.570000,1767300
2019-04-05,6.630000,6.660000,6.550000,6.630000,6.630000,1781400
2019-04-08,6.700000,6.700000,6.520000,6.600000,6.600000,1495600
2019-04-09,6.520000,6.520000,6.250000,6.320000,6.320000,2499200
2019-04-10,6.330000,6.460000,6.270000,6.460000,6.460000,1354200
2019-04-11,6.460000,6.490000,6.170000,6.200000,6.200000,2616500
2019-04-12,6.290000,6.330000,6.230000,6.300000,6.300000,1575400
2019-04-15,6.330000,6.330000,5.940000,5.990000,5.990000,3815200
2019-04-16,5.990000,6.160000,5.880000,5.950000,5.950000,2479800
2019-04-17,6.270000,6.670000,6.080000,6.650000,6.650000,10000000
2019-04-18,6.900000,7.000000,6.530000,6.760000,6.760000,10645000
2019-04-22,6.870000,7.125000,6.760000,7.090000,7.090000,9693700
