Date,Open,High,Low,Close,Adj Close,Volume
2014-08-07,2.500000,2.500000,1.750000,1.750000,1.750000,1350
2014-08-08,null,null,null,null,null,null
2014-08-11,2.150000,2.500000,2.000000,2.100000,2.100000,4460
2014-08-12,null,null,null,null,null,null
2014-08-13,null,null,null,null,null,null
2014-08-14,null,null,null,null,null,null
2014-08-15,2.000000,2.400000,1.900000,1.900000,1.900000,5960
2014-08-18,null,null,null,null,null,null
2014-08-19,null,null,null,null,null,null
2014-08-20,null,null,null,null,null,null
2014-08-21,null,null,null,null,null,null
2014-08-22,null,null,null,null,null,null
2014-08-25,null,null,null,null,null,null
2014-08-26,null,null,null,null,null,null
2014-08-27,1.410000,1.410000,1.410000,1.410000,1.410000,0
2014-08-28,null,null,null,null,null,null
2014-08-29,null,null,null,null,null,null
2014-09-02,null,null,null,null,null,null
2014-09-03,1.250000,1.480000,1.250000,1.280000,1.280000,4200
2014-09-04,null,null,null,null,null,null
2014-09-05,null,null,null,null,null,null
2014-09-08,null,null,null,null,null,null
2014-09-09,null,null,null,null,null,null
2014-09-10,null,null,null,null,null,null
2014-09-11,null,null,null,null,null,null
2014-09-12,null,null,null,null,null,null
2014-09-15,null,null,null,null,null,null
2014-09-16,null,null,null,null,null,null
2014-09-17,null,null,null,null,null,null
2014-09-18,null,null,null,null,null,null
2014-09-19,null,null,null,null,null,null
2014-09-22,null,null,null,null,null,null
2014-09-23,null,null,null,null,null,null
2014-09-24,null,null,null,null,null,null
2014-09-25,null,null,null,null,null,null
2014-09-26,null,null,null,null,null,null
2014-09-29,null,null,null,null,null,null
2014-09-30,null,null,null,null,null,null
2014-10-01,0.610000,0.610000,0.297000,0.330000,0.330000,2588466
2014-10-02,null,null,null,null,null,null
2014-10-03,null,null,null,null,null,null
2014-10-06,null,null,null,null,null,null
2014-10-07,null,null,null,null,null,null
2014-10-08,null,null,null,null,null,null
2014-10-09,null,null,null,null,null,null
2014-10-10,null,null,null,null,null,null
2014-10-13,null,null,null,null,null,null
2014-10-14,null,null,null,null,null,null
2014-10-15,0.330000,0.335000,0.300000,0.335000,0.335000,34146
2014-10-16,0.315000,0.350000,0.300000,0.350000,0.350000,146415
2014-10-17,0.360000,0.385000,0.360000,0.385000,0.385000,30825
2014-10-20,0.380000,0.390000,0.350000,0.390000,0.390000,39538
2014-10-21,0.390000,0.455000,0.371600,0.435000,0.435000,235344
2014-10-22,0.500000,0.590000,0.480000,0.520000,0.520000,425900
2014-10-23,0.550000,0.550000,0.500000,0.520000,0.520000,42454
2014-10-24,0.538900,0.538900,0.480000,0.500000,0.500000,46904
2014-10-27,0.490000,0.500000,0.460000,0.461000,0.461000,38883
2014-10-28,0.470000,0.490000,0.460000,0.490000,0.490000,9149
2014-10-29,0.500000,0.550000,0.490000,0.500000,0.500000,76350
2014-10-30,0.501000,0.501000,0.450000,0.450000,0.450000,53000
2014-10-31,null,null,null,null,null,null
2014-11-03,0.460000,0.460000,0.420000,0.460000,0.460000,21771
2014-11-04,0.460000,0.460000,0.460000,0.460000,0.460000,1200
2014-11-05,null,null,null,null,null,null
2014-11-06,0.465000,0.465000,0.465000,0.465000,0.465000,199
2014-11-07,0.430100,0.430100,0.430000,0.430000,0.430000,7500
2014-11-10,0.430000,0.430000,0.405000,0.405000,0.405000,20002
2014-11-11,0.450000,0.450000,0.439900,0.439900,0.439900,13101
2014-11-12,0.440000,0.470000,0.400000,0.400000,0.400000,22294
2014-11-13,0.400000,0.460000,0.400000,0.460000,0.460000,23040
2014-11-14,0.410000,0.440000,0.410000,0.440000,0.440000,7801
2014-11-17,null,null,null,null,null,null
2014-11-18,null,null,null,null,null,null
2014-11-19,0.390000,0.435000,0.390000,0.420000,0.420000,19500
2014-11-20,0.430000,0.430000,0.430000,0.430000,0.430000,850
2014-11-21,0.430000,0.430000,0.430000,0.430000,0.430000,0
2014-11-24,null,null,null,null,null,null
2014-11-25,null,null,null,null,null,null
2014-11-26,null,null,null,null,null,null
2014-11-28,null,null,null,null,null,null
2014-12-01,null,null,null,null,null,null
2014-12-02,null,null,null,null,null,null
2014-12-03,null,null,null,null,null,null
2014-12-04,null,null,null,null,null,null
2014-12-05,null,null,null,null,null,null
2014-12-08,null,null,null,null,null,null
2014-12-09,0.350000,0.370000,0.330000,0.330000,0.330000,21850
2014-12-10,null,null,null,null,null,null
2014-12-11,null,null,null,null,null,null
2014-12-12,0.370000,0.370000,0.360000,0.360000,0.360000,6000
2014-12-15,null,null,null,null,null,null
2014-12-16,null,null,null,null,null,null
2014-12-17,null,null,null,null,null,null
2014-12-18,null,null,null,null,null,null
2014-12-19,null,null,null,null,null,null
2014-12-22,null,null,null,null,null,null
2014-12-23,0.320100,0.340000,0.320000,0.340000,0.340000,24285
2014-12-24,0.340000,0.340000,0.340000,0.340000,0.340000,4450
2014-12-26,null,null,null,null,null,null
2014-12-29,null,null,null,null,null,null
2014-12-30,null,null,null,null,null,null
2014-12-31,null,null,null,null,null,null
2015-01-02,null,null,null,null,null,null
2015-01-05,null,null,null,null,null,null
2015-01-06,null,null,null,null,null,null
2015-01-07,0.330100,0.350000,0.330100,0.350000,0.350000,8600
2015-01-08,null,null,null,null,null,null
2015-01-09,null,null,null,null,null,null
2015-01-12,null,null,null,null,null,null
2015-01-13,null,null,null,null,null,null
2015-01-14,null,null,null,null,null,null
2015-01-15,null,null,null,null,null,null
2015-01-16,null,null,null,null,null,null
2015-01-20,null,null,null,null,null,null
2015-01-21,null,null,null,null,null,null
2015-01-22,null,null,null,null,null,null
2015-01-23,null,null,null,null,null,null
2015-01-26,null,null,null,null,null,null
2015-01-27,0.310000,0.338900,0.310000,0.338900,0.338900,6900
2015-01-28,0.339000,0.339000,0.338900,0.338900,0.338900,8194
2015-01-29,0.310000,0.310000,0.310000,0.310000,0.310000,4964
2015-01-30,0.338700,0.338700,0.338700,0.338700,0.338700,400
2015-02-02,0.338800,0.338800,0.330000,0.330000,0.330000,13300
2015-02-03,0.310100,0.310100,0.310100,0.310100,0.310100,5440
2015-02-04,0.329700,0.329700,0.313000,0.321000,0.321000,21700
2015-02-05,0.321000,0.321000,0.321000,0.321000,0.321000,4500
2015-02-06,0.321000,0.321000,0.321000,0.321000,0.321000,0
2015-02-09,0.313000,0.313840,0.280750,0.310000,0.310000,31020
2015-02-10,null,null,null,null,null,null
2015-02-11,0.310000,0.310000,0.310000,0.310000,0.310000,4736
2015-02-12,0.310000,0.320000,0.310000,0.320000,0.320000,9500
2015-02-13,0.302100,0.302100,0.302100,0.302100,0.302100,3500
2015-02-17,null,null,null,null,null,null
2015-02-18,null,null,null,null,null,null
2015-02-19,0.339000,0.339000,0.330000,0.330000,0.330000,2000
2015-02-20,0.339000,0.364000,0.339000,0.364000,0.364000,13000
2015-02-23,0.377330,0.377330,0.301000,0.301000,0.301000,10466
2015-02-24,null,null,null,null,null,null
2015-02-25,0.340000,0.340000,0.340000,0.340000,0.340000,2500
2015-02-26,0.301100,0.360000,0.301100,0.360000,0.360000,1340
2015-02-27,0.360000,0.360000,0.330000,0.330000,0.330000,19860
2015-03-02,0.340000,0.340000,0.340000,0.340000,0.340000,300
2015-03-03,null,null,null,null,null,null
2015-03-04,null,null,null,null,null,null
2015-03-05,null,null,null,null,null,null
2015-03-06,null,null,null,null,null,null
2015-03-09,null,null,null,null,null,null
2015-03-10,0.320000,0.330000,0.320000,0.330000,0.330000,7500
2015-03-11,0.330000,0.330000,0.330000,0.330000,0.330000,5000
2015-03-12,0.325750,0.340000,0.325000,0.325000,0.325000,4804
2015-03-13,null,null,null,null,null,null
2015-03-16,null,null,null,null,null,null
2015-03-17,null,null,null,null,null,null
2015-03-18,null,null,null,null,null,null
2015-03-19,0.329900,0.329900,0.329900,0.329900,0.329900,0
2015-03-20,null,null,null,null,null,null
2015-03-23,null,null,null,null,null,null
2015-03-24,null,null,null,null,null,null
2015-03-25,null,null,null,null,null,null
2015-03-26,0.330000,0.330000,0.330000,0.330000,0.330000,215
2015-03-27,null,null,null,null,null,null
2015-03-30,0.320000,0.380000,0.330000,0.380000,0.380000,55732
2015-03-31,null,null,null,null,null,null
2015-04-01,null,null,null,null,null,null
2015-04-02,null,null,null,null,null,null
2015-04-06,null,null,null,null,null,null
2015-04-07,0.377000,0.395000,0.377000,0.395000,0.395000,7500
2015-04-08,null,null,null,null,null,null
2015-04-09,0.420000,0.509900,0.420000,0.509900,0.509900,106730
2015-04-10,null,null,null,null,null,null
2015-04-13,null,null,null,null,null,null
2015-04-14,null,null,null,null,null,null
2015-04-15,null,null,null,null,null,null
2015-04-16,null,null,null,null,null,null
2015-04-17,null,null,null,null,null,null
2015-04-20,null,null,null,null,null,null
2015-04-21,null,null,null,null,null,null
2015-04-22,null,null,null,null,null,null
2015-04-23,null,null,null,null,null,null
2015-04-24,null,null,null,null,null,null
2015-04-27,null,null,null,null,null,null
2015-04-28,null,null,null,null,null,null
2015-04-29,null,null,null,null,null,null
2015-04-30,null,null,null,null,null,null
2015-05-01,null,null,null,null,null,null
2015-05-04,null,null,null,null,null,null
2015-05-05,null,null,null,null,null,null
2015-05-06,null,null,null,null,null,null
2015-05-07,null,null,null,null,null,null
2015-05-08,null,null,null,null,null,null
2015-05-11,null,null,null,null,null,null
2015-05-12,null,null,null,null,null,null
2015-05-13,null,null,null,null,null,null
2015-05-14,0.410000,0.416500,0.409500,0.416500,0.416500,21238
2015-05-15,0.410000,0.420000,0.410000,0.420000,0.420000,27303
2015-05-18,0.420000,0.420000,0.420000,0.420000,0.420000,0
2015-05-19,0.430000,0.430000,0.410000,0.425000,0.425000,8300
2015-05-20,0.420000,0.430000,0.420000,0.430000,0.430000,22100
2015-05-21,0.420000,0.420000,0.420000,0.420000,0.420000,13500
2015-05-22,0.420000,0.420000,0.415000,0.415000,0.415000,3300
2015-05-26,0.420000,0.420000,0.400000,0.410000,0.410000,21000
2015-05-27,0.410000,0.410000,0.409500,0.409500,0.409500,4828
2015-05-28,0.400000,0.400000,0.375000,0.380100,0.380100,9100
2015-05-29,0.380100,0.380100,0.380100,0.380100,0.380100,0
2015-06-01,0.410000,0.410000,0.400000,0.400000,0.400000,3000
2015-06-02,0.400000,0.400000,0.400000,0.400000,0.400000,500
2015-06-03,null,null,null,null,null,null
2015-06-04,0.420000,0.420000,0.420000,0.420000,0.420000,100
2015-06-05,0.420000,0.420000,0.420000,0.420000,0.420000,2770
2015-06-08,0.420000,0.420000,0.400000,0.400000,0.400000,3133
2015-06-09,0.400000,0.400000,0.400000,0.400000,0.400000,8300
2015-06-10,0.400000,0.400000,0.400000,0.400000,0.400000,0
2015-06-11,0.420000,0.420000,0.375000,0.420000,0.420000,20550
2015-06-12,0.420000,0.420000,0.420000,0.420000,0.420000,1611
2015-06-15,0.420000,0.420000,0.380000,0.390000,0.390000,21300
2015-06-16,null,null,null,null,null,null
2015-06-17,0.385000,0.430000,0.385000,0.425000,0.425000,45080
2015-06-18,0.420000,0.430000,0.400100,0.430000,0.430000,34900
2015-06-19,0.430000,0.430000,0.430000,0.430000,0.430000,3650
2015-06-22,0.450000,0.450000,0.440000,0.450000,0.450000,7918
2015-06-23,null,null,null,null,null,null
2015-06-24,null,null,null,null,null,null
2015-06-25,0.490000,0.490000,0.490000,0.490000,0.490000,4040
2015-06-26,0.490000,0.500000,0.460100,0.460100,0.460100,5500
2015-06-29,0.455000,0.459900,0.410000,0.459900,0.459900,32532
2015-06-30,null,null,null,null,null,null
2015-07-01,0.460000,0.460000,0.460000,0.460000,0.460000,0
2015-07-02,0.470000,0.470000,0.450000,0.450000,0.450000,21229
2015-07-06,0.470000,0.470000,0.470000,0.470000,0.470000,300
2015-07-07,0.470000,0.470000,0.460000,0.460500,0.460500,10076
2015-07-08,null,null,null,null,null,null
2015-07-09,null,null,null,null,null,null
2015-07-10,null,null,null,null,null,null
2015-07-13,null,null,null,null,null,null
2015-07-14,0.440000,0.440000,0.380100,0.390000,0.390000,35146
2015-07-15,0.390000,0.390000,0.390000,0.390000,0.390000,100
2015-07-16,0.390000,0.390000,0.390000,0.390000,0.390000,1500
2015-07-17,null,null,null,null,null,null
2015-07-20,0.390000,0.390000,0.390000,0.390000,0.390000,0
2015-07-21,null,null,null,null,null,null
2015-07-22,null,null,null,null,null,null
2015-07-23,null,null,null,null,null,null
2015-07-24,0.400000,0.400000,0.390000,0.400000,0.400000,3195
2015-07-27,0.400000,0.400000,0.380000,0.380100,0.380100,15400
2015-07-28,null,null,null,null,null,null
2015-07-29,null,null,null,null,null,null
2015-07-30,null,null,null,null,null,null
2015-07-31,null,null,null,null,null,null
2015-08-03,null,null,null,null,null,null
2015-08-04,null,null,null,null,null,null
2015-08-05,null,null,null,null,null,null
2015-08-06,0.350000,0.350000,0.350000,0.350000,0.350000,150
2015-08-07,null,null,null,null,null,null
2015-08-10,null,null,null,null,null,null
2015-08-11,null,null,null,null,null,null
2015-08-12,null,null,null,null,null,null
2015-08-13,null,null,null,null,null,null
2015-08-14,null,null,null,null,null,null
2015-08-17,0.345000,0.360000,0.332000,0.350000,0.350000,62468
2015-08-18,null,null,null,null,null,null
2015-08-19,null,null,null,null,null,null
2015-08-20,null,null,null,null,null,null
2015-08-21,null,null,null,null,null,null
2015-08-24,0.320000,0.370000,0.310000,0.350000,0.350000,47987
2015-08-25,0.311500,0.410000,0.311500,0.410000,0.410000,46742
2015-08-26,0.410000,0.410000,0.390000,0.390000,0.390000,9600
2015-08-27,0.390000,0.390000,0.381000,0.381000,0.381000,11500
2015-08-28,0.410000,0.410000,0.365000,0.365000,0.365000,30305
2015-08-31,0.380000,0.380000,0.350000,0.350000,0.350000,52100
2015-09-01,0.390000,0.390000,0.390000,0.390000,0.390000,9050
2015-09-02,0.390000,0.390000,0.390000,0.390000,0.390000,16037
2015-09-03,0.370000,0.410000,0.360000,0.400000,0.400000,29387
2015-09-04,0.410000,0.460000,0.410000,0.460000,0.460000,22630
2015-09-08,0.460000,0.460000,0.350000,0.449000,0.449000,80551
2015-09-09,0.450000,0.450000,0.450000,0.450000,0.450000,20000
2015-09-10,0.450000,0.450000,0.450000,0.450000,0.450000,0
2015-09-11,0.380000,0.430000,0.380000,0.430000,0.430000,18387
2015-09-14,null,null,null,null,null,null
2015-09-15,0.430000,0.430000,0.410000,0.430000,0.430000,2976
2015-09-16,null,null,null,null,null,null
2015-09-17,0.410000,0.410500,0.360100,0.380100,0.380100,11136
2015-09-18,0.380100,0.380100,0.380100,0.380100,0.380100,0
2015-09-21,0.380000,0.389900,0.355100,0.389900,0.389900,21800
2015-09-22,0.380000,0.380000,0.380000,0.380000,0.380000,2500
2015-09-23,0.380000,0.380000,0.380000,0.380000,0.380000,0
2015-09-24,0.380000,0.439000,0.380000,0.439000,0.439000,8050
2015-09-25,0.440000,0.450000,0.410000,0.450000,0.450000,22136
2015-09-28,null,null,null,null,null,null
2015-09-29,0.410000,0.410000,0.410000,0.410000,0.410000,0
2015-09-30,null,null,null,null,null,null
2015-10-01,0.402000,0.440000,0.402000,0.440000,0.440000,8617
2015-10-02,null,null,null,null,null,null
2015-10-05,0.440000,0.440000,0.439000,0.439000,0.439000,419
2015-10-06,null,null,null,null,null,null
2015-10-07,0.410000,0.439000,0.410000,0.439000,0.439000,2665
2015-10-08,null,null,null,null,null,null
2015-10-09,0.423000,0.439000,0.423000,0.439000,0.439000,11000
2015-10-12,null,null,null,null,null,null
2015-10-13,0.438500,0.438500,0.438500,0.438500,0.438500,0
2015-10-14,0.425000,0.425000,0.380000,0.380200,0.380200,8050
2015-10-15,null,null,null,null,null,null
2015-10-16,0.380200,0.380200,0.380200,0.380200,0.380200,0
2015-10-19,null,null,null,null,null,null
2015-10-20,null,null,null,null,null,null
2015-10-21,0.390000,0.390000,0.366000,0.366000,0.366000,39950
2015-10-22,null,null,null,null,null,null
2015-10-23,null,null,null,null,null,null
2015-10-26,0.380000,0.380000,0.380000,0.380000,0.380000,0
2015-10-27,0.390000,0.390000,0.380000,0.380000,0.380000,340
2015-10-28,null,null,null,null,null,null
2015-10-29,0.390000,0.390000,0.390000,0.390000,0.390000,0
2015-10-30,null,null,null,null,null,null
2015-11-02,null,null,null,null,null,null
2015-11-03,null,null,null,null,null,null
2015-11-04,null,null,null,null,null,null
2015-11-05,null,null,null,null,null,null
2015-11-06,null,null,null,null,null,null
2015-11-09,0.405000,0.419400,0.405000,0.405000,0.405000,10700
2015-11-10,null,null,null,null,null,null
2015-11-11,null,null,null,null,null,null
2015-11-12,null,null,null,null,null,null
2015-11-13,null,null,null,null,null,null
2015-11-16,null,null,null,null,null,null
2015-11-17,null,null,null,null,null,null
2015-11-18,0.371600,0.371600,0.371600,0.371600,0.371600,0
2015-11-19,null,null,null,null,null,null
2015-11-20,null,null,null,null,null,null
2015-11-23,null,null,null,null,null,null
2015-11-24,null,null,null,null,null,null
2015-11-25,0.335000,0.335000,0.335000,0.335000,0.335000,400
2015-11-27,null,null,null,null,null,null
2015-11-30,null,null,null,null,null,null
2015-12-01,null,null,null,null,null,null
2015-12-02,null,null,null,null,null,null
2015-12-03,0.350000,0.350000,0.350000,0.350000,0.350000,0
2015-12-04,null,null,null,null,null,null
2015-12-07,null,null,null,null,null,null
2015-12-08,null,null,null,null,null,null
2015-12-09,null,null,null,null,null,null
2015-12-10,null,null,null,null,null,null
2015-12-11,null,null,null,null,null,null
2015-12-14,0.310000,0.349700,0.310000,0.349700,0.349700,20170
2015-12-15,null,null,null,null,null,null
2015-12-16,null,null,null,null,null,null
2015-12-17,null,null,null,null,null,null
2015-12-18,null,null,null,null,null,null
2015-12-21,0.360000,0.360000,0.360000,0.360000,0.360000,0
2015-12-22,null,null,null,null,null,null
2015-12-23,null,null,null,null,null,null
2015-12-24,0.340000,0.399400,0.340000,0.399400,0.399400,2750
2015-12-28,0.400000,0.400000,0.400000,0.400000,0.400000,500
2015-12-29,0.400000,0.400000,0.400000,0.400000,0.400000,0
2015-12-30,0.331000,0.390000,0.331000,0.390000,0.390000,3750
2015-12-31,0.390000,0.390000,0.390000,0.390000,0.390000,1000
2016-01-04,0.320100,0.389330,0.320100,0.389330,0.389330,2000
2016-01-05,0.389330,0.389330,0.389330,0.389330,0.389330,0
2016-01-06,0.389330,0.389330,0.389330,0.389330,0.389330,0
2016-01-07,0.320100,0.399200,0.320100,0.399200,0.399200,1400
2016-01-08,0.350000,0.350000,0.350000,0.350000,0.350000,4900
2016-01-11,0.350000,0.350000,0.340000,0.340000,0.340000,1430
2016-01-12,0.320100,0.340000,0.310000,0.310000,0.310000,8500
2016-01-13,0.285000,0.285000,0.285000,0.285000,0.285000,4700
2016-01-14,0.286800,0.290000,0.286800,0.290000,0.290000,4650
2016-01-15,0.287000,0.310000,0.240000,0.240000,0.240000,5000
2016-01-19,0.251000,0.251000,0.251000,0.251000,0.251000,2500
2016-01-20,null,null,null,null,null,null
2016-01-21,null,null,null,null,null,null
2016-01-22,0.251000,0.251000,0.251000,0.251000,0.251000,2500
2016-01-25,0.251000,0.251000,0.251000,0.251000,0.251000,0
2016-01-26,0.251000,0.270000,0.251000,0.260000,0.260000,4920
2016-01-27,0.251000,0.255000,0.231000,0.255000,0.255000,8583
2016-01-28,0.260000,0.260000,0.258000,0.260000,0.260000,10000
2016-01-29,null,null,null,null,null,null
2016-02-01,0.250000,0.250000,0.250000,0.250000,0.250000,0
2016-02-02,0.200000,0.201000,0.200000,0.201000,0.201000,750
2016-02-03,0.208300,0.208300,0.208300,0.208300,0.208300,1000
2016-02-04,0.208300,0.208300,0.208300,0.208300,0.208300,0
2016-02-05,0.210000,0.220000,0.209100,0.220000,0.220000,10500
2016-02-08,null,null,null,null,null,null
2016-02-09,0.265000,0.265000,0.250000,0.262000,0.262000,7200
2016-02-10,0.252400,0.252400,0.252400,0.252400,0.252400,150
2016-02-11,null,null,null,null,null,null
2016-02-12,null,null,null,null,null,null
2016-02-16,0.255000,0.260000,0.255000,0.260000,0.260000,2800
2016-02-17,null,null,null,null,null,null
2016-02-18,null,null,null,null,null,null
2016-02-19,0.256000,0.260000,0.256000,0.260000,0.260000,6000
2016-02-22,null,null,null,null,null,null
2016-02-23,0.260000,0.260000,0.221000,0.221000,0.221000,1300
2016-02-24,null,null,null,null,null,null
2016-02-25,0.260000,0.292100,0.230000,0.230000,0.230000,18950
2016-02-26,null,null,null,null,null,null
2016-02-29,0.216000,0.220000,0.216000,0.220000,0.220000,15000
2016-03-01,null,null,null,null,null,null
2016-03-02,0.201100,0.239900,0.190000,0.197000,0.197000,82200
2016-03-03,0.201000,0.212500,0.200000,0.210000,0.210000,315662
2016-03-04,0.215100,0.239900,0.215000,0.230000,0.230000,15726
2016-03-07,null,null,null,null,null,null
2016-03-08,0.310000,0.345000,0.300000,0.310000,0.310000,81225
2016-03-09,null,null,null,null,null,null
2016-03-10,0.300000,0.300000,0.290000,0.300000,0.300000,55000
2016-03-11,null,null,null,null,null,null
2016-03-14,null,null,null,null,null,null
2016-03-15,null,null,null,null,null,null
2016-03-16,null,null,null,null,null,null
2016-03-17,0.280000,0.291800,0.270000,0.291800,0.291800,13000
2016-03-18,null,null,null,null,null,null
2016-03-21,null,null,null,null,null,null
2016-03-22,null,null,null,null,null,null
2016-03-23,null,null,null,null,null,null
2016-03-24,0.256100,0.283400,0.256100,0.256100,0.256100,5225
2016-03-28,null,null,null,null,null,null
2016-03-29,0.320000,0.350000,0.320000,0.350000,0.350000,8240
2016-03-30,null,null,null,null,null,null
2016-03-31,null,null,null,null,null,null
2016-04-01,null,null,null,null,null,null
2016-04-04,null,null,null,null,null,null
2016-04-05,null,null,null,null,null,null
2016-04-06,null,null,null,null,null,null
2016-04-07,null,null,null,null,null,null
2016-04-08,null,null,null,null,null,null
2016-04-11,null,null,null,null,null,null
2016-04-12,null,null,null,null,null,null
2016-04-13,null,null,null,null,null,null
2016-04-14,null,null,null,null,null,null
2016-04-15,null,null,null,null,null,null
2016-04-18,null,null,null,null,null,null
2016-04-19,null,null,null,null,null,null
2016-04-20,null,null,null,null,null,null
2016-04-21,null,null,null,null,null,null
2016-04-22,null,null,null,null,null,null
2016-04-25,null,null,null,null,null,null
2016-04-26,0.350000,0.353900,0.350000,0.350000,0.350000,5711
2016-04-27,0.350000,0.411500,0.350000,0.411500,0.411500,19866
2016-04-28,0.400000,0.437900,0.360000,0.437900,0.437900,4350
2016-04-29,0.429100,0.450000,0.375000,0.400000,0.400000,98353
2016-05-02,0.485000,0.485000,0.450000,0.450000,0.450000,45250
2016-05-03,0.447100,0.465000,0.435300,0.435300,0.435300,50627
2016-05-04,0.447500,0.450000,0.425000,0.425100,0.425100,8640
2016-05-05,0.443600,0.445000,0.443600,0.445000,0.445000,5000
2016-05-06,0.431000,0.470000,0.431000,0.470000,0.470000,26850
2016-05-09,0.452000,0.452000,0.431000,0.440000,0.440000,26783
2016-05-10,0.450000,0.450000,0.431000,0.435300,0.435300,14400
2016-05-11,0.450000,0.470000,0.450000,0.470000,0.470000,21000
2016-05-12,0.470000,0.470000,0.412100,0.420000,0.420000,24100
2016-05-13,0.450000,0.461150,0.447700,0.460000,0.460000,49500
2016-05-16,0.460000,0.460000,0.410000,0.450000,0.450000,31211
2016-05-17,0.450000,0.450000,0.430000,0.450000,0.450000,10000
2016-05-18,0.450000,0.450000,0.448850,0.450000,0.450000,20650
2016-05-19,0.445000,0.450000,0.445000,0.450000,0.450000,21000
2016-05-20,0.450000,0.700000,0.447700,0.650000,0.650000,188972
2016-05-23,null,null,null,null,null,null
2016-05-24,0.985000,1.510000,0.980000,1.350000,1.350000,517238
2016-05-25,1.200000,1.420000,1.150000,1.388500,1.388500,78865
2016-05-26,null,null,null,null,null,null
2016-05-27,1.380000,1.420000,1.270000,1.380000,1.380000,103587
2016-05-31,1.390000,1.750000,1.350000,1.700000,1.700000,237494
2016-06-01,null,null,null,null,null,null
2016-06-02,1.780000,1.780000,1.520000,1.660000,1.660000,88299
2016-06-03,1.660000,1.750000,1.600000,1.700000,1.700000,77342
2016-06-06,null,null,null,null,null,null
2016-06-07,1.730000,1.900000,1.720000,1.880000,1.880000,115532
2016-06-08,null,null,null,null,null,null
2016-06-09,1.940000,1.940000,1.630000,1.750000,1.750000,137802
2016-06-10,null,null,null,null,null,null
2016-06-13,null,null,null,null,null,null
2016-06-14,null,null,null,null,null,null
2016-06-15,null,null,null,null,null,null
2016-06-16,null,null,null,null,null,null
2016-06-17,null,null,null,null,null,null
2016-06-20,null,null,null,null,null,null
2016-06-21,null,null,null,null,null,null
2016-06-22,null,null,null,null,null,null
2016-06-23,null,null,null,null,null,null
2016-06-24,null,null,null,null,null,null
2016-06-27,null,null,null,null,null,null
2016-06-28,null,null,null,null,null,null
2016-06-29,null,null,null,null,null,null
2016-06-30,null,null,null,null,null,null
2016-07-01,1.650000,1.650000,1.510000,1.550000,1.550000,62785
2016-07-05,1.560000,1.640000,1.470000,1.557700,1.557700,44934
2016-07-06,null,null,null,null,null,null
2016-07-07,null,null,null,null,null,null
2016-07-08,null,null,null,null,null,null
2016-07-11,null,null,null,null,null,null
2016-07-12,null,null,null,null,null,null
2016-07-13,null,null,null,null,null,null
2016-07-14,null,null,null,null,null,null
2016-07-15,null,null,null,null,null,null
2016-07-18,null,null,null,null,null,null
2016-07-19,null,null,null,null,null,null
2016-07-20,null,null,null,null,null,null
2016-07-21,null,null,null,null,null,null
2016-07-22,null,null,null,null,null,null
2016-07-25,null,null,null,null,null,null
2016-07-26,1.780000,1.900000,1.780000,1.830000,1.830000,54930
2016-07-27,null,null,null,null,null,null
2016-07-28,null,null,null,null,null,null
2016-07-29,null,null,null,null,null,null
2016-08-01,1.780000,1.800000,1.730000,1.750000,1.750000,14892
2016-08-02,1.765400,1.800000,1.745400,1.800000,1.800000,22458
2016-08-03,1.780000,1.830000,1.677700,1.810000,1.810000,39064
2016-08-04,1.810000,1.810000,1.750000,1.790000,1.790000,14079
2016-08-05,1.770000,1.790000,1.770000,1.790000,1.790000,420
2016-08-08,1.790000,1.830000,1.760000,1.830000,1.830000,1005
2016-08-09,1.800000,1.800000,1.650000,1.730000,1.730000,17060
2016-08-10,1.730000,1.780000,1.570000,1.770000,1.770000,21044
2016-08-11,1.760000,1.830000,1.670000,1.740000,1.740000,26940
2016-08-12,1.740000,1.750000,1.690000,1.711500,1.711500,3323
2016-08-15,1.700000,1.700000,1.640000,1.700000,1.700000,9188
2016-08-16,1.670000,1.670000,1.670000,1.670000,1.670000,2560
2016-08-17,1.710000,1.820000,1.690000,1.753900,1.753900,13123
2016-08-18,1.830000,1.830000,1.670000,1.710000,1.710000,15024
2016-08-19,1.720000,1.740000,1.670000,1.740000,1.740000,17200
2016-08-22,1.740000,1.740000,1.660000,1.700000,1.700000,58382
2016-08-23,1.680000,1.680000,1.370000,1.470000,1.470000,111190
2016-08-24,1.520000,1.650000,1.520000,1.550000,1.550000,51105
2016-08-25,1.570000,1.600000,1.420000,1.450000,1.450000,54602
2016-08-26,1.450000,1.530000,1.450000,1.530000,1.530000,4811
2016-08-29,1.530000,1.560000,1.450000,1.500000,1.500000,6700
2016-08-30,1.500000,1.500000,1.400000,1.490000,1.490000,24601
2016-08-31,1.450000,1.530000,1.410000,1.500000,1.500000,17605
2016-09-01,1.560000,1.560000,1.520000,1.520000,1.520000,953
2016-09-02,1.500000,1.600000,1.500000,1.600000,1.600000,23200
2016-09-06,1.550000,1.560000,1.430000,1.510000,1.510000,11900
2016-09-07,1.500000,1.580000,1.500000,1.580000,1.580000,5100
2016-09-08,1.580000,1.580000,1.390000,1.500000,1.500000,35400
2016-09-09,1.450000,1.480000,1.390000,1.480000,1.480000,44113
2016-09-12,1.434000,1.460000,1.280000,1.450000,1.450000,20900
2016-09-13,1.400000,1.400000,1.378000,1.380000,1.380000,12200
2016-09-14,1.377700,1.450000,1.377700,1.450000,1.450000,3395
2016-09-15,1.400000,1.490000,1.400000,1.490000,1.490000,500
2016-09-16,1.400000,1.420000,1.370000,1.410000,1.410000,28922
2016-09-19,1.440000,1.450000,1.430000,1.450000,1.450000,2000
2016-09-20,1.450000,1.450000,1.430000,1.450000,1.450000,7368
2016-09-21,1.450000,1.500000,1.450000,1.490000,1.490000,11550
2016-09-22,1.500000,1.580000,1.500000,1.530000,1.530000,12900
2016-09-23,1.500000,1.500000,1.500000,1.500000,1.500000,2100
2016-09-26,1.530000,1.630000,1.530000,1.540000,1.540000,82100
2016-09-27,1.640000,1.730000,1.600000,1.620000,1.620000,46301
2016-09-28,1.650000,1.650000,1.580000,1.640000,1.640000,4328
2016-09-29,1.640000,1.690000,1.580000,1.690000,1.690000,4393
2016-09-30,1.700000,1.700000,1.600000,1.614000,1.614000,6300
2016-10-03,1.670000,1.670000,1.670000,1.670000,1.670000,1300
2016-10-04,1.700000,1.700000,1.670000,1.700000,1.700000,2800
2016-10-05,1.690000,1.690000,1.690000,1.690000,1.690000,1000
2016-10-06,1.680000,1.680000,1.660000,1.680000,1.680000,4800
2016-10-07,1.630000,1.650000,1.550000,1.550000,1.550000,9600
2016-10-10,1.650000,1.690000,1.650000,1.690000,1.690000,400
2016-10-11,1.620000,1.700000,1.620000,1.700000,1.700000,23467
2016-10-12,1.620000,1.620000,1.510000,1.540000,1.540000,19800
2016-10-13,1.550000,1.640000,1.500000,1.585000,1.585000,20800
2016-10-14,1.550000,1.582000,1.450000,1.510000,1.510000,12400
2016-10-17,1.530000,1.530000,1.480000,1.530000,1.530000,7600
2016-10-18,1.544000,1.580000,1.544000,1.550000,1.550000,2400
2016-10-19,1.580000,1.580000,1.560000,1.580000,1.580000,1700
2016-10-20,1.580000,1.580000,1.570000,1.580000,1.580000,8714
2016-10-21,1.580000,1.580000,1.580000,1.580000,1.580000,3200
2016-10-24,1.500000,1.600000,1.460000,1.460000,1.460000,7800
2016-10-25,1.560000,1.560000,1.450000,1.549000,1.549000,2900
2016-10-26,1.510000,1.610000,1.510000,1.610000,1.610000,300
2016-10-27,1.600000,1.650000,1.530000,1.530000,1.530000,1900
2016-10-28,1.560000,1.610000,1.550000,1.610000,1.610000,6000
2016-10-31,1.600000,1.690000,1.600000,1.610000,1.610000,10200
2016-11-01,1.630000,1.730000,1.560000,1.630000,1.630000,6700
2016-11-02,1.630000,1.730000,1.560000,1.710000,1.710000,20600
2016-11-03,1.630000,1.730000,1.590000,1.660000,1.660000,5916
2016-11-04,1.730000,1.730000,1.660000,1.720000,1.720000,4900
2016-11-07,1.720000,1.720000,1.720000,1.720000,1.720000,0
2016-11-08,1.700000,1.720000,1.670000,1.700000,1.700000,12100
2016-11-09,1.610000,1.610000,1.470000,1.600000,1.600000,5500
2016-11-10,1.570000,1.570000,1.550000,1.570000,1.570000,1400
2016-11-11,1.570000,1.830000,1.550000,1.700000,1.700000,67938
2016-11-14,1.700000,1.780000,1.536000,1.780000,1.780000,29663
2016-11-15,1.765400,1.990000,1.760000,1.990000,1.990000,92531
2016-11-16,1.960000,2.240000,1.950000,2.200000,2.200000,92316
2016-11-17,2.200000,2.870000,2.150000,2.685300,2.685300,228061
2016-11-18,2.750000,3.000000,2.620000,2.690000,2.690000,172251
2016-11-21,2.800000,2.950000,2.660000,2.700000,2.700000,122837
2016-11-22,2.700000,2.740000,2.610000,2.710000,2.710000,35891
2016-11-23,2.740000,2.780000,2.610000,2.730000,2.730000,10715
2016-11-25,2.780000,2.780000,2.700000,2.750000,2.750000,43105
2016-11-28,2.780000,3.200000,2.780000,3.170000,3.170000,150181
2016-11-29,3.150000,3.600000,3.150000,3.420000,3.420000,260857
2016-11-30,3.440000,3.590000,3.300000,3.460000,3.460000,111420
2016-12-01,3.460000,3.460000,3.160000,3.200000,3.200000,88113
2016-12-02,3.210000,3.390000,3.210000,3.380000,3.380000,70624
2016-12-05,3.390000,3.390000,3.270000,3.270000,3.270000,39400
2016-12-06,3.300000,3.450000,3.300000,3.400000,3.400000,30900
2016-12-07,3.400000,3.600000,3.400000,3.600000,3.600000,34448
2016-12-08,3.640000,4.200000,3.570000,4.040000,4.040000,115900
2016-12-09,4.040000,4.350000,4.000000,4.170000,4.170000,94903
2016-12-12,4.200000,4.470000,4.170000,4.350000,4.350000,45677
2016-12-13,4.420000,4.770000,4.420000,4.550000,4.550000,107900
2016-12-14,4.560000,5.500000,4.550000,5.160000,5.160000,228983
2016-12-15,5.450000,5.450000,4.710000,4.980000,4.980000,123853
2016-12-16,4.915000,5.100000,4.620000,5.100000,5.100000,109100
2016-12-19,5.000000,5.000000,4.750000,4.850000,4.850000,71809
2016-12-20,4.850000,5.100000,4.830000,4.930000,4.930000,66853
2016-12-21,5.300000,5.350000,4.840000,4.840000,4.840000,166000
2016-12-22,4.830000,4.830000,4.160000,4.500000,4.500000,193800
2016-12-23,4.300000,4.800000,4.300000,4.510000,4.510000,40500
2016-12-27,4.600000,4.600000,4.050000,4.320000,4.320000,108000
2016-12-28,4.200000,4.300000,3.700000,3.870000,3.870000,101488
2016-12-29,3.890000,4.090000,3.570000,4.080000,4.080000,83400
2016-12-30,3.950000,4.180000,3.950000,4.140000,4.140000,23261
2017-01-03,4.200000,4.650000,4.050000,4.250000,4.250000,66041
2017-01-04,4.240000,4.240000,3.950000,4.170000,4.170000,37200
2017-01-05,4.170000,4.220000,4.100000,4.180000,4.180000,18800
2017-01-06,4.010000,4.540000,4.010000,4.290000,4.290000,157100
2017-01-09,4.480000,4.480000,4.150000,4.290000,4.290000,52000
2017-01-10,4.330000,4.330000,4.160000,4.245000,4.245000,39000
2017-01-11,4.245000,4.300000,4.200000,4.250000,4.250000,16200
2017-01-12,4.250000,4.250000,4.210000,4.230000,4.230000,28211
2017-01-13,4.250000,4.350000,4.210000,4.350000,4.350000,36900
2017-01-17,4.400000,4.400000,4.020000,4.050000,4.050000,81800
2017-01-18,4.050000,4.180000,4.050000,4.180000,4.180000,14100
2017-01-19,4.180000,4.250000,4.060000,4.190000,4.190000,17800
2017-01-20,4.150000,4.250000,4.060000,4.120000,4.120000,20300
2017-01-23,4.160000,4.190000,3.910000,3.910000,3.910000,43400
2017-01-24,3.955000,3.955000,3.260000,3.670000,3.670000,105600
2017-01-25,3.800000,4.200000,3.800000,4.190000,4.190000,111900
2017-01-26,4.200000,4.250000,3.810000,3.900000,3.900000,34400
2017-01-27,3.950000,3.970000,3.820000,3.880000,3.880000,21300
2017-01-30,4.050000,4.140000,3.829900,4.080000,4.080000,42817
2017-01-31,4.080000,4.190000,4.080000,4.180000,4.180000,32500
2017-02-01,4.200000,4.580000,4.190000,4.570000,4.570000,78200
2017-02-02,4.500000,4.750000,4.300000,4.750000,4.750000,40500
2017-02-03,4.700000,5.090000,4.700000,4.950000,4.950000,75800
2017-02-06,4.900000,5.150000,4.840000,5.050000,5.050000,52700
2017-02-07,5.000000,5.000000,4.800000,5.000000,5.000000,46300
2017-02-08,5.000000,5.010000,4.770000,5.010000,5.010000,88900
2017-02-09,5.010000,5.400000,4.940000,5.390000,5.390000,109000
2017-02-10,5.390000,5.790000,5.240000,5.550000,5.550000,149400
2017-02-13,5.540000,5.840000,5.130000,5.340000,5.340000,235900
2017-02-14,4.000000,4.190000,3.830000,3.880000,3.880000,1028800
2017-02-15,4.190000,4.190000,3.900000,4.000000,4.000000,343000
2017-02-16,4.150000,4.150000,3.900000,3.940000,3.940000,114700
2017-02-17,3.900000,4.150000,3.900000,4.090000,4.090000,112400
2017-02-21,4.210000,4.210000,4.010000,4.010000,4.010000,136869
2017-02-22,4.050000,4.079600,3.950000,4.050000,4.050000,89009
2017-02-23,4.138000,4.138000,3.800000,3.940000,3.940000,81600
2017-02-24,3.950000,3.990000,3.782900,3.900000,3.900000,72481
2017-02-27,3.800000,3.900000,3.550000,3.570000,3.570000,203800
2017-02-28,3.610000,3.690000,3.497000,3.510000,3.510000,133552
2017-03-01,3.560000,3.600000,3.500000,3.510000,3.510000,127784
2017-03-02,3.540000,3.550000,3.520000,3.540000,3.540000,53378
2017-03-03,3.550000,4.000000,3.540000,3.930000,3.930000,178733
2017-03-06,4.000000,4.440000,3.921000,4.160000,4.160000,179700
2017-03-07,4.280000,4.280000,4.020000,4.170000,4.170000,57153
2017-03-08,4.250000,4.250000,4.170000,4.200000,4.200000,65942
2017-03-09,4.200000,4.326400,4.150000,4.190000,4.190000,56783
2017-03-10,4.190000,4.260000,4.180000,4.250000,4.250000,43632
2017-03-13,4.200000,4.350000,4.180000,4.341000,4.341000,57100
2017-03-14,4.380000,4.500000,4.150000,4.200000,4.200000,80745
2017-03-15,4.300000,4.350000,4.062000,4.320000,4.320000,109000
2017-03-16,4.210000,4.350000,4.210000,4.290000,4.290000,56000
2017-03-17,4.340000,4.490000,4.290000,4.490000,4.490000,100100
2017-03-20,4.500000,4.500000,4.350800,4.389900,4.389900,60502
2017-03-21,4.350000,4.410000,3.980000,3.980000,3.980000,124500
2017-03-22,3.980000,4.140000,3.750000,4.010000,4.010000,187100
2017-03-23,4.030000,4.180000,3.790000,4.070000,4.070000,394400
2017-03-24,4.120000,4.450000,4.096000,4.200000,4.200000,185700
2017-03-27,4.200000,4.250000,4.000000,4.220000,4.220000,370900
2017-03-28,4.180000,4.270000,4.030000,4.120000,4.120000,457600
2017-03-29,4.080000,4.230000,4.050000,4.140000,4.140000,35900
2017-03-30,4.170000,4.323000,4.120000,4.150000,4.150000,92900
2017-03-31,4.120000,4.210000,4.075000,4.130000,4.130000,54500
2017-04-03,4.100000,4.670000,4.080000,4.430000,4.430000,632600
2017-04-04,4.430000,4.430000,4.290000,4.310000,4.310000,81000
2017-04-05,4.240000,4.380000,4.120000,4.190000,4.190000,230300
2017-04-06,4.201200,4.320000,4.160200,4.320000,4.320000,61095
2017-04-07,4.320000,4.320000,4.204200,4.210000,4.210000,29605
2017-04-10,4.200000,4.240000,4.120000,4.130000,4.130000,42845
2017-04-11,4.180000,4.239000,3.970000,3.970000,3.970000,103881
2017-04-12,4.212900,4.212900,3.750000,3.830000,3.830000,121252
2017-04-13,3.866400,3.880000,3.770000,3.880000,3.880000,50300
2017-04-17,3.870000,4.080000,3.750000,3.940000,3.940000,159290
2017-04-18,3.900000,3.969000,3.750000,3.820000,3.820000,90700
2017-04-19,3.770000,4.000000,3.770000,3.870000,3.870000,72118
2017-04-20,3.940000,3.949000,3.840000,3.840000,3.840000,85200
2017-04-21,3.850000,3.850000,3.720000,3.740000,3.740000,79353
2017-04-24,3.800000,3.859000,3.650000,3.820000,3.820000,177600
2017-04-25,3.910000,3.910000,3.700000,3.810000,3.810000,58400
2017-04-26,3.840000,3.840000,3.700000,3.740000,3.740000,79145
2017-04-27,3.700000,3.800000,3.700000,3.740000,3.740000,151600
2017-04-28,3.770000,3.810000,3.600000,3.710000,3.710000,148117
2017-05-01,3.800000,3.950000,3.750000,3.860000,3.860000,291500
2017-05-02,3.900000,3.950000,3.680000,3.760000,3.760000,187096
2017-05-03,3.780000,3.900000,3.740000,3.860000,3.860000,61000
2017-05-04,3.800000,4.000000,3.799900,3.940000,3.940000,252189
2017-05-05,3.880000,4.100000,3.880000,4.000000,4.000000,205300
2017-05-08,3.900000,4.090000,3.869000,4.080000,4.080000,216356
2017-05-09,4.100000,4.300000,4.090000,4.240000,4.240000,281300
2017-05-10,4.200000,4.200000,3.980000,4.080000,4.080000,95000
2017-05-11,3.950000,4.027000,3.900000,4.000000,4.000000,49400
2017-05-12,3.870000,4.280000,3.855000,4.270000,4.270000,197700
2017-05-15,4.150000,4.250000,4.030000,4.050000,4.050000,101497
2017-05-16,4.020000,4.400000,3.860000,4.230000,4.230000,553502
2017-05-17,4.120000,4.336000,4.080000,4.290000,4.290000,248000
2017-05-18,4.320000,4.630000,4.180000,4.580000,4.580000,359100
2017-05-19,4.550000,5.370000,4.550000,5.320000,5.320000,671600
2017-05-22,5.370000,6.190000,5.370000,5.670000,5.670000,1392800
2017-05-23,5.730000,5.750000,5.100000,5.270000,5.270000,523000
2017-05-24,5.220000,5.460000,5.050000,5.440000,5.440000,372900
2017-05-25,5.520000,6.340000,5.500000,6.270000,6.270000,1288700
2017-05-26,6.350000,6.350000,5.870000,6.000000,6.000000,526133
2017-05-30,6.100000,6.100000,5.750000,5.890000,5.890000,467024
2017-05-31,5.820000,5.880000,5.600000,5.740000,5.740000,518400
2017-06-01,5.760000,6.699900,5.710000,6.530000,6.530000,1453988
2017-06-02,6.610000,6.940000,6.360000,6.690000,6.690000,706900
2017-06-05,6.740000,7.000000,6.530000,6.720000,6.720000,505900
2017-06-06,6.810000,7.200000,6.422000,6.660000,6.660000,1343500
2017-06-07,6.700000,6.710000,6.420000,6.550000,6.550000,510600
2017-06-08,6.580000,6.860000,6.460000,6.710000,6.710000,462300
2017-06-09,6.690000,6.770000,6.530000,6.590000,6.590000,326900
2017-06-12,6.710000,6.928000,6.450000,6.610000,6.610000,558700
2017-06-13,6.640000,6.690000,6.050000,6.200000,6.200000,732500
2017-06-14,6.420000,6.580000,6.310000,6.480000,6.480000,463000
2017-06-15,6.530000,6.550000,6.250000,6.440000,6.440000,274000
2017-06-16,6.440000,6.490000,6.180000,6.260000,6.260000,1287161
2017-06-19,6.140000,6.291000,5.840000,6.010000,6.010000,385400
2017-06-20,5.940000,6.060000,5.640000,5.730000,5.730000,571761
2017-06-21,5.740000,5.743000,5.360000,5.419200,5.419200,502995
2017-06-22,5.420000,5.520000,5.410000,5.480000,5.480000,157482
2017-06-23,5.500000,5.500000,4.910000,5.180000,5.180000,560023
2017-06-26,5.200000,5.200000,4.900000,5.050000,5.050000,177900
2017-06-27,4.910000,5.340000,4.878000,5.250000,5.250000,572600
2017-06-28,5.160000,5.630000,5.146000,5.500000,5.500000,854500
2017-06-29,5.550000,5.610000,5.150000,5.320000,5.320000,257329
2017-06-30,5.260000,5.360000,5.020000,5.130000,5.130000,190463
2017-07-03,5.080000,5.080000,4.820000,4.950000,4.950000,223800
2017-07-05,4.930000,4.950000,4.630000,4.730000,4.730000,365845
2017-07-06,4.670000,4.910000,4.610000,4.790000,4.790000,182309
2017-07-07,4.830000,4.898400,4.681000,4.720000,4.720000,119088
2017-07-10,4.650000,4.663000,3.930000,4.220000,4.220000,1006311
2017-07-11,4.270000,4.580000,4.230000,4.350000,4.350000,231100
2017-07-12,4.410000,4.610000,4.300000,4.610000,4.610000,134271
2017-07-13,4.610000,4.720000,4.410000,4.530000,4.530000,259000
2017-07-14,4.550000,4.600000,4.370000,4.390000,4.390000,136000
2017-07-17,4.420000,4.560000,4.382000,4.480000,4.480000,171800
2017-07-18,4.490000,4.628000,4.480000,4.520000,4.520000,44400
2017-07-19,4.460000,4.680000,4.410000,4.500000,4.500000,182500
2017-07-20,4.390000,4.560000,4.390000,4.450000,4.450000,125400
2017-07-21,4.450000,4.870000,4.442000,4.860000,4.860000,199900
2017-07-24,4.800000,5.190000,4.800000,5.000000,5.000000,334300
2017-07-25,5.000000,5.050000,4.840000,5.010000,5.010000,154000
2017-07-26,5.000000,5.160000,4.940000,5.090000,5.090000,224300
2017-07-27,5.160000,5.480000,5.060000,5.080000,5.080000,416600
2017-07-28,5.080000,5.140000,4.830000,4.890000,4.890000,135800
2017-07-31,4.950000,4.990000,4.770000,4.880000,4.880000,70700
2017-08-01,4.870000,4.870000,4.630000,4.750000,4.750000,103100
2017-08-02,4.750000,4.830000,4.600000,4.810000,4.810000,99600
2017-08-03,4.790000,4.837000,4.630000,4.760000,4.760000,87400
2017-08-04,4.720000,5.080000,4.720000,4.970000,4.970000,119600
2017-08-07,4.930000,4.970000,4.750000,4.860000,4.860000,70709
2017-08-08,4.780000,4.918500,4.690000,4.890000,4.890000,87560
2017-08-09,4.820000,4.940000,4.818000,4.920000,4.920000,205900
2017-08-10,4.860000,4.950000,4.730000,4.930000,4.930000,141200
2017-08-11,4.850000,5.070000,4.760000,4.840000,4.840000,158986
2017-08-14,4.960000,5.040000,4.840000,5.000000,5.000000,130300
2017-08-15,5.000000,5.139000,4.451000,4.500000,4.500000,504400
2017-08-16,4.660000,4.698200,4.330000,4.410000,4.410000,246708
2017-08-17,4.260000,4.450000,3.940000,4.000000,4.000000,513957
2017-08-18,4.110000,4.140000,3.510000,3.510000,3.510000,450000
2017-08-21,3.570000,3.609000,3.290000,3.460000,3.460000,373194
2017-08-22,3.460000,3.580000,3.440000,3.490000,3.490000,181289
2017-08-23,3.490000,3.650000,3.410000,3.650000,3.650000,198419
2017-08-24,3.650000,3.665300,3.490000,3.580000,3.580000,143624
2017-08-25,3.550000,3.590000,3.390000,3.420000,3.420000,271100
2017-08-28,3.470000,3.550100,3.400000,3.480000,3.480000,116581
2017-08-29,3.500000,3.550000,3.320000,3.430000,3.430000,203700
2017-08-30,3.500000,4.150000,3.500000,3.800000,3.800000,665397
2017-08-31,3.800000,4.500000,3.560000,4.230000,4.230000,2059324
2017-09-01,4.350000,4.385000,4.110000,4.270000,4.270000,493374
2017-09-05,4.400000,4.400000,4.050000,4.220000,4.220000,313409
2017-09-06,4.190000,4.220000,4.020000,4.090000,4.090000,270400
2017-09-07,4.070000,4.090000,3.900000,4.000000,4.000000,351728
2017-09-08,4.010000,4.080000,3.880000,3.910000,3.910000,271584
2017-09-11,null,null,null,null,null,null
2017-09-12,3.750000,3.920000,3.620000,3.710000,3.710000,313637
2017-09-13,3.680000,3.890000,3.630000,3.810000,3.810000,171060
2017-09-14,3.800000,3.910000,3.720000,3.810000,3.810000,221861
2017-09-15,3.800000,3.900000,3.780000,3.900000,3.900000,250037
2017-09-18,3.960000,3.970000,3.720000,3.750000,3.750000,240857
2017-09-19,3.750000,3.750000,3.630000,3.690000,3.690000,193483
2017-09-20,3.770000,3.800000,3.660000,3.730000,3.730000,188484
2017-09-21,3.700000,3.799000,3.620000,3.720000,3.720000,149630
2017-09-22,3.690000,3.780000,3.560000,3.580000,3.580000,357993
2017-09-25,3.610000,3.616000,3.390000,3.400000,3.400000,366798
2017-09-26,3.370000,3.493000,3.370000,3.440000,3.440000,227916
2017-09-27,3.450000,3.530000,3.440000,3.480000,3.480000,153125
2017-09-28,3.440000,3.560000,3.400000,3.480000,3.480000,160072
2017-09-29,3.420000,3.567000,3.350000,3.410000,3.410000,151567
2017-10-02,3.380000,3.420400,3.120000,3.350000,3.350000,266516
2017-10-03,3.240000,3.445000,3.240000,3.350000,3.350000,162247
2017-10-04,3.350000,3.400000,3.260000,3.350000,3.350000,233712
2017-10-05,3.370000,3.470000,3.180000,3.185000,3.185000,314927
2017-10-06,3.130000,3.249900,2.750000,2.800000,2.800000,1254615
2017-10-09,2.790000,2.790000,2.530000,2.600000,2.600000,894015
2017-10-10,2.600000,2.850000,2.600000,2.750000,2.750000,634573
2017-10-11,2.900000,3.110000,2.650000,2.790000,2.790000,648009
2017-10-12,2.810000,2.889000,2.610000,2.630000,2.630000,425264
2017-10-13,2.660000,2.660000,2.438000,2.560000,2.560000,471072
2017-10-16,2.560000,2.650000,2.400000,2.450000,2.450000,284455
2017-10-17,2.400000,2.560000,2.300000,2.450000,2.450000,447296
2017-10-18,2.490000,2.580000,2.381000,2.540000,2.540000,242083
2017-10-19,2.600000,2.600000,2.390000,2.420000,2.420000,216452
2017-10-20,2.430000,2.500000,2.330000,2.460000,2.460000,106164
2017-10-23,2.500000,2.680000,2.350000,2.400000,2.400000,242913
2017-10-24,2.400000,2.480000,2.360000,2.410000,2.410000,148964
2017-10-25,2.400000,2.450000,2.300000,2.370000,2.370000,93232
2017-10-26,2.350000,2.440000,2.310000,2.340000,2.340000,111594
2017-10-27,2.370000,2.390000,2.210000,2.330000,2.330000,180070
2017-10-30,2.360000,2.360000,2.270000,2.290000,2.290000,144902
2017-10-31,2.290000,2.360000,2.290000,2.340000,2.340000,97767
2017-11-01,2.390000,2.850000,2.390000,2.745700,2.745700,1035677
2017-11-02,2.750000,2.750000,2.467700,2.520000,2.520000,400786
2017-11-03,2.570000,2.580000,2.390000,2.410000,2.410000,167881
2017-11-06,2.420000,2.490000,2.300000,2.340000,2.340000,159248
2017-11-07,2.330000,2.390000,2.270000,2.290000,2.290000,214695
2017-11-08,2.260000,2.320000,2.170000,2.200000,2.200000,280868
2017-11-09,2.200000,2.280000,2.160000,2.170000,2.170000,150087
2017-11-10,2.130000,2.259600,2.100000,2.120000,2.120000,442539
2017-11-13,2.100000,2.249000,2.080000,2.160000,2.160000,294710
2017-11-14,2.100000,2.170000,1.800100,2.120000,2.120000,539770
2017-11-15,2.080000,2.180000,2.021000,2.130000,2.130000,182308
2017-11-16,2.210000,2.566000,2.146500,2.470000,2.470000,579577
2017-11-17,2.530000,2.560000,2.400000,2.410000,2.410000,218352
2017-11-20,2.400000,2.500000,2.145000,2.320000,2.320000,494085
2017-11-21,2.320000,2.360000,2.205600,2.290000,2.290000,114755
2017-11-22,2.290000,2.410000,2.250000,2.320000,2.320000,225457
2017-11-24,2.310000,2.320000,2.220000,2.250000,2.250000,82669
2017-11-27,2.250000,2.310000,2.110000,2.160000,2.160000,361584
2017-11-28,2.160000,2.230000,2.100000,2.178200,2.178200,223726
2017-11-29,2.170000,2.180100,1.900000,2.047900,2.047900,424795
2017-11-30,2.100000,2.260000,2.070000,2.260000,2.260000,240740
2017-12-01,2.260000,2.272200,2.130000,2.150000,2.150000,239538
2017-12-04,2.180000,2.240000,2.150000,2.200000,2.200000,196097
2017-12-05,2.180000,2.215000,2.150000,2.170000,2.170000,81970
2017-12-06,2.190000,2.287200,2.100000,2.170000,2.170000,645516
2017-12-07,2.170000,2.270000,2.150000,2.210000,2.210000,95242
2017-12-08,2.260000,2.289900,2.150000,2.190000,2.190000,135241
2017-12-11,2.200000,2.340000,2.170000,2.240000,2.240000,275819
2017-12-12,2.240000,2.280000,2.140000,2.150000,2.150000,113714
2017-12-13,2.180000,2.230000,2.090000,2.170000,2.170000,136765
2017-12-14,2.170000,2.230000,2.120000,2.150000,2.150000,97050
2017-12-15,2.150000,2.160000,2.100000,2.110000,2.110000,73814
2017-12-18,2.120000,2.176600,2.010100,2.090000,2.090000,266133
2017-12-19,2.090000,2.110000,2.032000,2.090000,2.090000,184717
2017-12-20,2.080000,2.105200,2.010000,2.040000,2.040000,147377
2017-12-21,2.060000,2.170200,2.050000,2.090000,2.090000,353240
2017-12-22,2.090000,2.120000,2.000000,2.110000,2.110000,281577
2017-12-26,2.090000,2.130000,1.910000,1.990000,1.990000,691973
2017-12-27,2.000000,2.060000,1.990000,2.010000,2.010000,169222
2017-12-28,2.050000,2.110000,1.995000,2.080000,2.080000,354103
2017-12-29,2.110000,2.230000,2.060000,2.170000,2.170000,236759
2018-01-02,2.200000,2.320000,2.180000,2.220000,2.220000,176833
2018-01-03,2.220000,2.290000,2.150000,2.177100,2.177100,298747
2018-01-04,2.160000,2.200000,2.100000,2.120000,2.120000,168663
2018-01-05,2.100000,2.250000,2.100000,2.170000,2.170000,191663
2018-01-08,2.170000,2.187400,2.090000,2.140000,2.140000,121000
2018-01-09,2.200000,2.580000,2.110000,2.220000,2.220000,1292756
2018-01-10,2.300000,2.580000,2.200000,2.555000,2.555000,1405047
2018-01-11,3.370000,3.630000,2.820000,3.170000,3.170000,9614323
2018-01-12,3.190000,3.190000,2.810000,2.880000,2.880000,1459704
2018-01-16,3.010000,3.050000,2.830000,2.870000,2.870000,772267
2018-01-17,2.910000,2.910000,2.650000,2.760000,2.760000,924722
2018-01-18,3.250000,3.440000,2.925900,3.200000,3.200000,3384872
2018-01-19,3.240000,4.240000,3.110000,3.920000,3.920000,4923636
2018-01-22,3.960000,4.160000,3.611000,3.850000,3.850000,2702672
2018-01-23,3.880000,4.017200,3.660000,3.710000,3.710000,650183
2018-01-24,3.710000,3.750000,3.450000,3.720000,3.720000,836900
2018-01-25,3.750000,3.790000,3.610000,3.710000,3.710000,441268
2018-01-26,3.810000,4.150000,3.680000,3.760000,3.760000,1569345
2018-01-29,3.950000,4.120000,3.770000,3.900000,3.900000,931773
2018-01-30,3.880000,3.907100,3.640000,3.790000,3.790000,531502
2018-01-31,3.820000,3.840000,3.430000,3.580000,3.580000,738338
2018-02-01,3.640000,3.830000,3.521200,3.810000,3.810000,625367
2018-02-02,3.820000,3.820000,3.580600,3.670000,3.670000,402857
2018-02-05,3.590000,3.670000,3.310000,3.430000,3.430000,548773
2018-02-06,3.350000,3.500000,3.100000,3.500000,3.500000,740363
2018-02-07,3.470000,3.500000,3.313400,3.410000,3.410000,153790
2018-02-08,3.410000,3.472800,3.230000,3.350000,3.350000,333283
2018-02-09,3.380000,3.380000,3.050000,3.110000,3.110000,442833
2018-02-12,3.140000,3.200000,3.050000,3.120000,3.120000,230564
2018-02-13,3.120000,3.450000,3.120000,3.320000,3.320000,349073
2018-02-14,3.280000,3.540000,3.250000,3.480000,3.480000,434248
2018-02-15,3.530000,3.630000,3.350000,3.430000,3.430000,214373
2018-02-16,3.450000,3.590000,3.380000,3.450000,3.450000,251478
2018-02-20,3.450000,3.540000,3.260000,3.320000,3.320000,167062
2018-02-21,3.320000,3.540000,3.300000,3.350000,3.350000,155319
2018-02-22,3.370000,3.440000,3.120000,3.220000,3.220000,220695
2018-02-23,3.230000,3.390000,3.190000,3.300000,3.300000,147190
2018-02-26,3.300000,3.440000,3.300000,3.340000,3.340000,176855
2018-02-27,3.350000,3.400000,3.200000,3.230000,3.230000,172021
2018-02-28,3.230000,3.255000,3.180000,3.220000,3.220000,86264
2018-03-01,3.180000,3.329900,3.150000,3.200000,3.200000,170898
2018-03-02,3.170000,3.260000,3.110000,3.240000,3.240000,100704
2018-03-05,3.250000,3.470000,3.250000,3.320000,3.320000,247158
2018-03-06,3.390000,3.550000,3.330000,3.520000,3.520000,215734
2018-03-07,3.400000,3.629000,3.360000,3.430000,3.430000,189654
2018-03-08,3.430000,3.540000,3.330000,3.480000,3.480000,125564
2018-03-09,3.490000,3.540000,3.380000,3.490000,3.490000,159177
2018-03-12,3.500000,3.500000,3.440000,3.500000,3.500000,142323
2018-03-13,3.500000,3.500000,3.300000,3.380000,3.380000,110196
2018-03-14,3.380000,3.390000,3.260000,3.320000,3.320000,132335
2018-03-15,3.340000,3.340000,3.130000,3.170000,3.170000,250808
2018-03-16,3.150000,3.190000,3.020000,3.190000,3.190000,199729
2018-03-19,3.190000,3.190000,3.020000,3.140000,3.140000,142970
2018-03-20,3.130000,3.130000,2.940000,3.070000,3.070000,243417
2018-03-21,3.050000,3.090000,2.970000,3.050000,3.050000,96819
2018-03-22,3.000000,3.029000,2.850000,2.880000,2.880000,211480
2018-03-23,2.880000,2.890000,2.690000,2.710000,2.710000,386680
2018-03-26,2.360000,2.550000,2.210000,2.520000,2.520000,1615685
2018-03-27,2.530000,2.689900,2.480000,2.580000,2.580000,465238
2018-03-28,2.580000,2.580000,2.340000,2.480000,2.480000,297817
2018-03-29,2.480000,2.540000,2.300000,2.420000,2.420000,402155
2018-04-02,2.420000,2.505000,2.380000,2.450000,2.450000,174638
2018-04-03,2.440000,2.460100,2.280000,2.320000,2.320000,308438
2018-04-04,2.300000,2.400000,2.290000,2.310000,2.310000,141368
2018-04-05,2.310000,2.450000,2.260000,2.340000,2.340000,137249
2018-04-06,2.320000,2.422400,2.050000,2.120000,2.120000,420306
2018-04-09,2.150000,2.194900,2.040000,2.080000,2.080000,445579
2018-04-10,1.750000,1.759900,1.620000,1.740000,1.740000,2901984
2018-04-11,1.750000,1.770000,1.675000,1.750000,1.750000,532363
2018-04-12,1.760000,1.980000,1.720000,1.850000,1.850000,918209
2018-04-13,1.870000,1.870000,1.741600,1.810000,1.810000,226769
2018-04-16,1.830000,1.939700,1.780000,1.880000,1.880000,471133
2018-04-17,1.900000,1.970000,1.820000,1.930000,1.930000,624808
2018-04-18,2.090000,2.150000,1.800000,1.910000,1.910000,1627660
2018-04-19,1.900000,1.900000,1.720000,1.730000,1.730000,1012703
2018-04-20,1.750000,1.760000,1.650000,1.730000,1.730000,686866
2018-04-23,1.750000,1.770000,1.660000,1.710000,1.710000,458172
2018-04-24,1.750000,1.900000,1.711000,1.790000,1.790000,955737
2018-04-25,1.830000,1.850000,1.700000,1.730000,1.730000,432795
2018-04-26,1.790000,2.060000,1.770000,1.990000,1.990000,1463187
2018-04-27,2.030000,2.100000,1.850000,1.880000,1.880000,892960
2018-04-30,1.900000,1.980000,1.810000,1.840000,1.840000,427495
2018-05-01,1.840000,1.920000,1.810000,1.910000,1.910000,185772
2018-05-02,1.900000,1.929000,1.850000,1.860000,1.860000,268717
2018-05-03,1.860000,1.870000,1.780000,1.850000,1.850000,294623
2018-05-04,1.840000,1.950000,1.810000,1.880000,1.880000,320591
2018-05-07,1.900000,1.910000,1.840000,1.850000,1.850000,168934
2018-05-08,1.860000,1.950000,1.800000,1.860000,1.860000,198101
2018-05-09,1.850000,1.900000,1.810000,1.840000,1.840000,143916
2018-05-10,1.860000,1.869400,1.820100,1.840000,1.840000,147646
2018-05-11,1.840000,1.890000,1.794400,1.860000,1.860000,217194
2018-05-14,1.880000,2.280000,1.880000,2.090400,2.090400,1322729
2018-05-15,2.100000,2.150000,1.900000,1.950000,1.950000,425177
2018-05-16,1.850000,1.920000,1.760000,1.850000,1.850000,1106733
2018-05-17,1.860000,1.920000,1.820000,1.830000,1.830000,238997
2018-05-18,1.850000,1.850000,1.750000,1.770000,1.770000,384478
2018-05-21,1.780000,1.830000,1.720000,1.720000,1.720000,246428
2018-05-22,1.860000,1.860000,1.730000,1.760000,1.760000,384704
2018-05-23,1.750000,1.790000,1.730000,1.730000,1.730000,170578
2018-05-24,1.740000,1.750000,1.700000,1.730000,1.730000,187013
2018-05-25,1.790000,1.790000,1.750000,1.770000,1.770000,228545
2018-05-29,1.760000,1.830000,1.720000,1.720000,1.720000,497548
2018-05-30,1.740000,1.800000,1.720000,1.790000,1.790000,130272
2018-05-31,1.780000,1.850000,1.750000,1.790000,1.790000,471288
2018-06-01,1.830000,1.840000,1.700000,1.760000,1.760000,277683
2018-06-04,1.740000,1.770000,1.700000,1.720000,1.720000,234396
2018-06-05,1.730000,1.744700,1.700000,1.710000,1.710000,135112
2018-06-06,1.720000,1.780000,1.710000,1.720000,1.720000,192607
2018-06-07,1.740000,1.750000,1.720000,1.740000,1.740000,161157
2018-06-08,1.740000,1.740000,1.710000,1.710000,1.710000,124353
2018-06-11,1.710000,1.740000,1.700000,1.700000,1.700000,198193
2018-06-12,1.720000,1.733200,1.700000,1.710000,1.710000,163197
2018-06-13,1.710000,1.720000,1.700000,1.700000,1.700000,123823
2018-06-14,1.710000,1.740000,1.560000,1.720000,1.720000,460217
2018-06-15,1.720000,1.890000,1.700000,1.890000,1.890000,408884
2018-06-18,1.840000,2.100000,1.840000,2.000000,2.000000,483311
2018-06-19,2.020000,2.110000,1.890100,2.080000,2.080000,486465
2018-06-20,2.150000,2.580000,2.100000,2.500000,2.500000,1146239
2018-06-21,2.520000,2.526700,2.060000,2.110000,2.110000,1054882
2018-06-22,2.110000,2.170000,2.020100,2.170000,2.170000,320161
2018-06-25,2.200000,2.200000,2.000000,2.010000,2.010000,295288
2018-06-26,2.030000,2.077500,1.920000,1.940000,1.940000,294492
2018-06-27,1.930000,1.930000,1.760000,1.790000,1.790000,564946
2018-06-28,1.810000,1.830000,1.721000,1.810000,1.810000,344863
2018-06-29,1.830000,1.900000,1.800100,1.870000,1.870000,212286
2018-07-02,1.870000,1.890000,1.770000,1.790000,1.790000,138478
2018-07-03,1.840000,1.840000,1.770000,1.810000,1.810000,79650
2018-07-05,1.810000,2.090000,1.810000,2.060000,2.060000,556570
2018-07-06,2.060000,2.290000,2.000900,2.030000,2.030000,383645
2018-07-09,2.060000,2.100000,1.940000,2.040000,2.040000,277631
2018-07-10,2.180000,2.180000,1.970000,1.980000,1.980000,226875
2018-07-11,1.980000,2.050000,1.980000,2.000000,2.000000,110144
2018-07-12,2.000000,2.040000,1.900000,1.940000,1.940000,128341
2018-07-13,1.940000,1.980000,1.890000,1.960000,1.960000,202949
2018-07-16,1.950000,2.010000,1.870000,1.940000,1.940000,199383
2018-07-17,1.930000,2.030000,1.910000,1.950000,1.950000,147379
2018-07-18,1.960000,2.010000,1.920000,2.010000,2.010000,149877
2018-07-19,2.030000,2.074000,1.970000,1.990000,1.990000,179087
2018-07-20,1.970000,2.410000,1.970000,2.280000,2.280000,962265
2018-07-23,2.350000,2.409000,2.200000,2.300000,2.300000,362833
2018-07-24,2.360000,2.360000,2.120000,2.160000,2.160000,203496
2018-07-25,2.160000,2.288300,2.100000,2.210000,2.210000,189458
2018-07-26,2.200000,2.261300,2.140000,2.225000,2.225000,159404
2018-07-27,2.240000,2.240000,2.100000,2.150000,2.150000,156626
2018-07-30,2.160000,2.224500,2.080000,2.100000,2.100000,128093
2018-07-31,2.090000,2.130000,1.990000,2.030000,2.030000,223037
2018-08-01,1.990000,2.135000,1.980000,2.030000,2.030000,335449
2018-08-02,2.000000,2.030000,1.900000,1.970000,1.970000,438910
2018-08-03,1.970000,2.010000,1.860000,1.890000,1.890000,373514
2018-08-06,1.910000,1.920000,1.791000,1.820000,1.820000,199522
2018-08-07,1.750000,1.829900,1.750000,1.780000,1.780000,297004
2018-08-08,1.770000,1.849000,1.760000,1.800000,1.800000,129608
2018-08-09,1.820000,1.879700,1.781000,1.850000,1.850000,129188
2018-08-10,1.880000,1.880000,1.710000,1.800000,1.800000,268991
2018-08-13,1.890000,2.000000,1.710000,1.720000,1.720000,933247
2018-08-14,1.750000,1.990000,1.750000,1.910000,1.910000,785295
2018-08-15,1.900000,1.938500,1.780000,1.860000,1.860000,246027
2018-08-16,1.860000,1.880000,1.760000,1.780000,1.780000,307542
2018-08-17,1.880000,1.880000,1.650000,1.660000,1.660000,578387
2018-08-20,1.700000,1.709900,1.410000,1.540000,1.540000,943694
2018-08-21,1.530000,1.620000,1.500000,1.585000,1.585000,357357
2018-08-22,1.330000,1.430000,1.300000,1.320000,1.320000,2881974
2018-08-23,1.380000,1.380000,1.300000,1.330000,1.330000,685230
2018-08-24,1.360000,1.386200,1.310000,1.320000,1.320000,430975
2018-08-27,1.380000,1.540000,1.330000,1.470000,1.470000,1324339
2018-08-28,1.500000,1.580000,1.380000,1.420000,1.420000,1411514
2018-08-29,1.420000,1.590000,1.420000,1.520000,1.520000,1259354
2018-08-30,1.500000,1.540000,1.468300,1.505000,1.505000,387485
2018-08-31,1.520000,1.540000,1.480000,1.480000,1.480000,643601
2018-09-04,1.580000,1.790000,1.530000,1.650000,1.650000,1580540
2018-09-05,1.830000,2.400000,1.500000,1.950000,1.950000,7100962
2018-09-06,2.400000,2.450000,1.950000,2.040000,2.040000,17768177
2018-09-07,2.010000,2.018800,1.610000,1.700000,1.700000,4335269
2018-09-10,1.710000,1.870000,1.680000,1.830000,1.830000,1968581
2018-09-11,1.860000,1.860000,1.650000,1.700000,1.700000,1612459
2018-09-12,1.690000,1.710000,1.610000,1.670000,1.670000,825441
2018-09-13,1.670000,1.690000,1.550000,1.570000,1.570000,1135172
2018-09-14,1.590000,1.650000,1.530000,1.590000,1.590000,672575
2018-09-17,2.050000,2.350000,1.690000,2.300000,2.300000,16832896
2018-09-18,2.500000,3.030000,2.241000,2.820000,2.820000,50984031
2018-09-19,3.350000,4.940000,3.040000,4.370000,4.370000,86804685
2018-09-20,5.680000,7.850000,5.270000,7.850000,7.850000,129919612
2018-09-21,8.920000,9.990000,5.710000,6.150000,6.150000,103997223
2018-09-24,4.400000,5.260000,3.610000,3.960000,3.960000,43658996
2018-09-25,4.810000,5.190000,4.260000,4.460000,4.460000,29839589
2018-09-26,4.670000,4.760000,4.350000,4.440000,4.440000,13179470
2018-09-27,4.360000,4.418000,4.000000,4.090000,4.090000,11328900
2018-09-28,4.450000,5.720000,4.230000,5.350000,5.350000,49238223
2018-10-01,6.880000,8.950000,6.430000,8.950000,8.950000,96100806
2018-10-02,7.860000,8.650000,6.600000,7.300000,7.300000,74627576
2018-10-03,7.010000,8.500000,6.500000,8.110000,8.110000,48187261
2018-10-04,8.660000,9.480000,7.360000,8.550000,8.550000,67101893
2018-10-05,9.000000,9.300000,8.150000,8.470000,8.470000,42739976
2018-10-08,7.860000,8.060000,6.860000,7.390000,7.390000,25284771
2018-10-09,6.850000,6.880000,5.660000,5.730000,5.730000,24595760
2018-10-10,6.600000,6.650000,5.800000,6.020000,6.020000,19758352
2018-10-11,5.530000,5.970000,5.480000,5.940000,5.940000,9456710
2018-10-12,6.170000,6.490000,6.020000,6.190000,6.190000,11184290
2018-10-15,6.230000,7.480000,6.110000,7.390000,7.390000,25185629
2018-10-16,7.750000,7.750000,6.800000,6.990000,6.990000,17343558
2018-10-17,6.500000,6.950000,6.200000,6.380000,6.380000,9135561
2018-10-18,6.410000,6.900000,6.220000,6.560000,6.560000,6573330
2018-10-19,6.580000,6.650000,5.770000,5.840000,5.840000,9326075
2018-10-22,5.730000,5.740000,4.560000,4.890000,4.890000,11014976
2018-10-23,4.050000,5.480000,3.930000,5.160000,5.160000,13799730
2018-10-24,5.150000,5.250000,4.400000,4.500000,4.500000,8089728
2018-10-25,4.330000,4.790000,4.330000,4.420000,4.420000,4767211
2018-10-26,4.200000,4.580000,4.070000,4.200000,4.200000,4554289
2018-10-29,4.170000,4.367800,3.610000,3.720000,3.720000,6260771
2018-10-30,3.610000,4.040000,3.560000,3.890000,3.890000,4299005
2018-10-31,3.900000,4.640000,3.850000,4.530000,4.530000,9713628
2018-11-01,4.480000,4.600000,4.110000,4.300000,4.300000,6900362
2018-11-02,4.200000,4.374800,4.150000,4.230000,4.230000,2619129
2018-11-05,4.150000,4.580000,3.930000,4.390000,4.390000,6304467
2018-11-06,4.380000,4.640000,4.150000,4.230000,4.230000,7813166
2018-11-07,4.450000,5.400000,4.280000,5.080000,5.080000,17288438
2018-11-08,4.990000,5.090000,4.530000,4.690000,4.690000,10508443
2018-11-09,3.650000,3.840000,3.450000,3.600000,3.600000,18495294
2018-11-12,3.710000,3.749000,3.350000,3.440000,3.440000,4997951
2018-11-13,3.340000,3.430000,3.030000,3.260000,3.260000,6322657
2018-11-14,3.130000,3.390000,3.030000,3.130000,3.130000,4812844
2018-11-15,3.600000,4.110000,3.300000,3.860000,3.860000,27583020
2018-11-16,3.820000,4.500000,3.650000,4.290000,4.290000,27824442
2018-11-19,4.370000,4.470000,3.930000,4.090000,4.090000,13456190
2018-11-20,3.760000,3.980000,3.680000,3.820000,3.820000,10638095
2018-11-21,3.900000,4.040000,3.790000,3.810000,3.810000,5485496
2018-11-23,3.780000,4.250000,3.750000,3.940000,3.940000,7621314
2018-11-26,4.080000,4.150000,3.690000,3.740000,3.740000,7692816
2018-11-27,3.730000,3.770000,3.350000,3.620000,3.620000,5989378
2018-11-28,3.690000,4.650000,3.610000,4.430000,4.430000,19495808
2018-11-29,4.310000,4.820000,4.070000,4.420000,4.420000,20157440
2018-11-30,4.390000,4.750000,4.260200,4.630000,4.630000,12409434
2018-12-03,5.310000,5.350000,4.720000,5.050000,5.050000,25478722
2018-12-04,4.940000,5.010000,4.500000,4.580000,4.580000,12627702
2018-12-06,4.260000,4.850000,4.150000,4.780000,4.780000,8131048
2018-12-07,4.900000,5.060000,4.580000,4.690000,4.690000,9698249
2018-12-10,4.710000,5.090000,4.700000,5.040000,5.040000,10635750
2018-12-11,5.140000,5.880000,5.010000,5.440000,5.440000,26861824
2018-12-12,5.610000,6.280000,5.460000,6.010000,6.010000,33244982
2018-12-13,6.500000,6.730000,5.800000,5.890000,5.890000,32363051
2018-12-14,5.650000,6.000000,5.360000,5.940000,5.940000,13922440
2018-12-17,5.950000,6.750000,5.940000,6.650000,6.650000,26658477
2018-12-18,6.800000,6.900000,6.170000,6.360000,6.360000,18005972
2018-12-19,6.350000,6.590000,6.020000,6.070000,6.070000,10957836
2018-12-20,6.190000,6.850000,6.090000,6.600000,6.600000,17596774
2018-12-21,6.460000,6.480000,5.200000,5.440000,5.440000,21477330
2018-12-24,4.870000,5.350000,4.710000,4.720000,4.720000,9459483
2018-12-26,5.100000,5.310000,4.900000,5.280000,5.280000,9510189
2018-12-27,5.240000,5.359900,4.920000,5.240000,5.240000,6915927
2018-12-28,5.230000,5.350000,5.020000,5.230000,5.230000,5896956
2018-12-31,5.250000,5.330000,5.020000,5.200000,5.200000,4790360
2019-01-02,5.070000,5.390000,4.990000,5.290000,5.290000,6122390
2019-01-03,5.230000,5.850000,5.080000,5.400000,5.400000,13526460
2019-01-04,5.380000,5.650000,5.310000,5.420000,5.420000,8401813
2019-01-07,5.590000,5.700000,5.360000,5.470000,5.470000,6782132
2019-01-08,5.550000,5.600000,5.380000,5.510000,5.510000,5451172
2019-01-09,5.500000,6.165000,5.450000,6.100000,6.100000,13966745
2019-01-10,6.120000,6.450000,5.600000,6.040000,6.040000,13678866
2019-01-11,6.130000,6.415000,6.100000,6.180000,6.180000,10424013
2019-01-14,6.410000,7.380000,6.350100,7.010000,7.010000,28757867
2019-01-15,7.500000,7.620000,6.900000,7.090000,7.090000,31784769
2019-01-16,6.860000,7.140000,6.510000,6.640000,6.640000,22659926
2019-01-17,6.520000,6.880000,6.320000,6.640000,6.640000,11863084
2019-01-18,6.750000,6.870000,6.400000,6.430000,6.430000,9936374
2019-01-22,6.410000,6.490000,5.950000,6.020000,6.020000,9382448
2019-01-23,6.060000,6.600000,6.030000,6.430000,6.430000,10356419
2019-01-24,6.450000,6.700000,6.320000,6.510000,6.510000,7660363
2019-01-25,6.560000,6.750000,6.360000,6.610000,6.610000,8983366
2019-01-28,6.570000,7.270000,6.500100,7.100000,7.100000,15589738
2019-01-29,7.020000,7.180000,6.660000,6.870000,6.870000,10829751
2019-01-30,6.890000,7.450000,6.720000,7.040000,7.040000,18616457
2019-01-31,7.120000,7.330000,7.040000,7.110000,7.110000,8734924
2019-02-01,7.110000,7.370000,7.010000,7.150000,7.150000,10948528
2019-02-04,7.150000,7.790000,7.150000,7.260000,7.260000,21026671
2019-02-05,7.390000,7.460000,7.050000,7.340000,7.340000,10504677
2019-02-06,7.080000,7.144400,6.641000,6.790000,6.790000,13791931
2019-02-07,6.550000,6.910000,6.350000,6.540000,6.540000,10025015
2019-02-08,6.410000,6.480000,6.050000,6.360000,6.360000,9054266
2019-02-11,6.330000,6.470000,6.090000,6.220000,6.220000,5835983
2019-02-12,6.090000,6.580000,6.050000,6.390000,6.390000,8699669
2019-02-13,6.250000,6.620000,6.240000,6.620000,6.620000,7426973
2019-02-14,6.500000,6.730000,6.450000,6.600000,6.600000,4196161
2019-02-15,6.650000,6.717900,6.410000,6.520000,6.520000,4325000
2019-02-19,6.470000,6.590000,6.200000,6.350000,6.350000,5032005
2019-02-20,6.300000,6.470000,6.260000,6.370000,6.370000,3305583
2019-02-21,6.320000,6.420000,6.230000,6.310000,6.310000,3067264
2019-02-22,6.270000,6.300000,5.700000,6.140000,6.140000,5960801
2019-02-25,6.060000,6.089900,5.810000,5.890000,5.890000,5292057
2019-02-26,5.730000,5.870000,5.590000,5.650000,5.650000,7222402
2019-02-27,5.630000,5.650000,5.230000,5.590000,5.590000,9612212
2019-02-28,5.650000,5.955000,5.510000,5.870000,5.870000,6844402
2019-03-01,5.970000,5.990000,5.760000,5.890000,5.890000,4089123
2019-03-04,5.830000,5.850000,5.400000,5.700000,5.700000,5427674
2019-03-05,5.630000,5.730000,5.500000,5.590000,5.590000,3207802
2019-03-06,5.580000,5.650000,5.320000,5.480000,5.480000,3733594
2019-03-07,5.440000,5.450000,5.170000,5.200000,5.200000,4074154
2019-03-08,4.970000,5.160000,4.950000,5.100000,5.100000,4513363
2019-03-11,5.100000,5.460000,4.960000,5.340000,5.340000,4469539
2019-03-12,5.320000,5.610000,5.173500,5.500000,5.500000,6061660
2019-03-13,5.600000,5.689000,5.270000,5.460000,5.460000,4872245
2019-03-14,5.390000,5.450000,5.160000,5.380000,5.380000,3286050
2019-03-15,5.280000,5.425000,5.100000,5.150000,5.150000,3880120
2019-03-18,5.150000,5.550000,5.150000,5.500000,5.500000,5867872
2019-03-19,5.600000,5.800000,5.420000,5.600000,5.600000,5482918
2019-03-20,5.550000,5.650000,5.410000,5.470000,5.470000,2460138
2019-03-21,5.430000,5.510000,5.180000,5.350000,5.350000,3315124
2019-03-22,5.250100,5.360000,5.070000,5.080000,5.080000,3917150
2019-03-25,5.180000,5.420000,5.110100,5.250000,5.250000,4070183
2019-03-26,5.500000,5.580000,5.140000,5.190000,5.190000,4442364
2019-03-27,5.190000,5.318900,5.050000,5.140000,5.140000,3580399
2019-03-28,5.100000,5.265000,5.050000,5.210000,5.210000,2927325
2019-03-29,5.440000,5.560000,5.150000,5.260000,5.260000,6855208
2019-04-01,5.270000,5.300000,5.130000,5.240000,5.240000,3196845
2019-04-02,5.220000,5.290000,5.140000,5.240000,5.240000,3012742
2019-04-03,5.230000,5.250000,5.020000,5.090000,5.090000,5169757
2019-04-04,5.110000,5.164000,4.750000,4.960000,4.960000,7130790
2019-04-05,4.860000,4.880000,4.720000,4.785000,4.785000,4895374
2019-04-08,5.370000,6.690000,5.250000,6.630000,6.630000,66231020
2019-04-09,6.200000,6.270000,5.750000,5.860000,5.860000,26757315
2019-04-10,5.760000,6.030000,5.640000,5.860000,5.860000,9792854
2019-04-11,5.850000,5.960000,5.550000,5.620000,5.620000,7128179
2019-04-12,5.610000,5.740000,5.390000,5.480000,5.480000,6001548
2019-04-15,5.410000,5.450000,5.130000,5.250000,5.250000,5307308
2019-04-16,5.210000,5.390000,5.160000,5.200000,5.200000,4482866
2019-04-17,5.200000,5.280000,5.020000,5.260000,5.260000,4015067
2019-04-18,5.250000,5.450000,5.160000,5.270000,5.270000,3583980
2019-04-22,5.210000,5.360000,5.200000,5.270000,5.270000,2623143
